Time: 1703794928.2342029
178.67010266146968 121.41187045331088
178.88688761284016 121.41187045331088
179.1036639739974 121.41187045331088
179.32043174196374 121.41187045331088
179.53719091376135 121.41187045331088
179.7539414864125 20.796608796455978
179.9706834569395 121.41187045331088
180.18741682236458 319.6519369332673
180.40414157971 525.8499815387347
180.620857725998 716.2977053808486
180.83756525825086 675.7173417152085
181.05426417349088 461.06062010340224
181.27095446874023 226.70430495925046
181.48763614102123 94.6266169413226
181.70430918735616 44.94373585913302
181.92097360476723 6.192448057070804e-09
182.1376293902767 4.098216837166005e-09
182.35427654090688 1.9805681940315082e-09
182.57091505367998 1.170807979425337e-09
182.7875449256183 7.849806916804123e-10
183.00416615374408 8.762690306211212e-10
183.22077873507956 1.0468603984991448e-09
183.43738266664704 1.2984373121593826e-09
183.65397794546874 1.48900087277149e-09
183.87056456856695 1.3091262744507772e-09
184.08714253296392 1.2678290097514838e-09
184.30371183568192 1.4802814104584486e-09
184.52027247374318 3.452767465220347e-09
184.73682444417 1.040944449521834e-08
184.95336774398461 61.438316114626986
185.16990237020926 69.2828042495067
185.38642831986627 75.46110560299508
185.60294558997782 91.68127457136744
185.8194541775662 161.84703161050092
186.03595407965375 1533.2910208359538
186.2524452932626 -338.29371867562764
186.4689278154151 -225.28944548550382
186.6854016431335 -205.7485905410204
186.90186677343996 -201.1379645012501
187.1183232033569 -241.5689902094388
187.33477092990648 -535.4643696803804
187.55120995011097 522.7173331786304
187.76764026099264 272.4804479871638
187.98406185957373 2.4950403134780218e-08
188.20047474287654 1.2433414888191649e-08
188.41687890792332 4.6749669976187885e-09
188.6332743517363 2.078686212215853e-09
188.84966107133778 1.0319939981498634e-09
189.06603906375 6.781201696219715e-10
189.2824083259952 5.869493402537668e-10
189.49876885509568 9.086110041969761e-10
189.71512064807368 2.0216574647039177e-09
189.93146370195143 3.5078131522757925e-09
190.14779801375127 3.4782964741728905e-09
190.36412358049535 2.929475615232291e-09
190.58044039920603 2.5956742898791095e-09
190.7967484669055 2.463005911837521e-09
191.0130477806161 2.7031015878107753e-09
191.22933833736 3.380166891811315e-09
191.4456201341595 6.7839611637187265e-09
191.66189316803687 1.488342573458031e-08
191.87815743601433 -195.2031804302924
192.09441293511424 -2034.4400160121872
192.31065966235874 147.75205657968723
192.52689761477015 37.39619341790793
192.7431267893707 21.86373264148575
192.9593471831827 48.658125990322006
193.17555879322836 72.53831422573272
193.39176161653 100.00321468733047
193.60795565010977 126.21505159736874
193.82414089099007 2.5196895467130157e-08
194.04031733619308 1.0162780774143948e-08
194.256484982741 3.5252422304706897e-09
194.47264382765624 1.653581948490294e-09
194.68879386796095 1.1598621786824462e-09
194.90493510067742 1.329096928347245e-09
195.12106752282793 2.2038552603293426e-09
195.33719113143468 4.5070753953654e-09
195.55330592352 1.1711997776605893e-08
195.7694118961061 1.389778151649764e-08
195.98550904621527 9.941840980366605e-09
196.20159737086976 2.8638990002345827e-09
196.41767686709184 9.810117178522122e-10
196.63374753190374 3.1664365071352897e-10
196.84980936232776 2.1125989745544475e-10
197.06586235538612 6.491712426255865e-10
197.28190650810112 1.9819520054198305e-09
197.497941817495 5.25711288240997e-09
197.71396828059 1.087973532594344e-08
197.9299858944084 102.34329006740727
198.1459946559725 56.314054826907004
198.36199456230446 50.534545454434806
198.5779856104266 53.29300050801784
198.79396779736123 53.295969119504555
199.00994112013055 47.96382319130617
199.2259055757568 43.94270661643536
199.4418611612623 47.76015219811901
199.65780787366927 63.95887129267424
199.87374570999998 99.38296009434197
200.0896746672767 142.61837726124097
200.30559474252166 173.248139388447
200.52150593275718 188.05115647507859
200.73740823500543 189.15886103839517
200.95330164628874 179.82068369943218
201.16918616362935 167.45581222469787
201.38506178404953 149.37706700493473
201.6009285045715 122.01414266324055
201.81678632221758 90.14754595118009
202.03263523400997 61.86435464954834
202.24847523697102 38.33839466922169
202.46430632812286 24.340782396643284
202.68012850448787 24.970293268188247
202.89594176308825 32.444784157476555
203.11174610094625 53.90479285865357
203.32754151508414 100.00577466720637
203.54332800252422 191.76664372863928
203.75910556028873 305.0796946392705
203.97487418539987 390.32531488521846
204.19063387488 406.86920099129526
204.40638462575131 363.78987103808686
204.62212643503608 308.8341820087236
204.83785929975656 235.99034777264143
205.053583216935 171.8722383137661
205.26929818359375 127.27166721163822
205.48500419675497 117.41476040103294
205.7007012534409 110.59242801159779
205.9163893506739 91.2290282397548
206.13206848547617 60.460814000287165
206.34773865486997 25.611513956898296
206.5633998558776 -0.4730524812263798
206.77905208552127 -18.966335968272627
206.99469534082326 -5.692779206142058e-09
207.21032961880584 -1.4488921265147857e-09
207.42595491649126 7.911675246689218e-11
207.64157123090172 4.197494613044997e-10
207.85717855905963 6.336128550214475e-10
208.0727768979871 1.0142856780689965e-09
208.28836624470645 1.72269051869224e-09
208.50394659623998 3.669729794053629e-09
208.7195179496099 1.1911043936096591e-08
208.9350803018385 3.1541927102680846e-08
209.15063364994796 230.521159950368
209.36617799096064 227.97009919443852
209.58171332189875 220.9217050731011
209.79723963978455 199.9880304412836
210.0127569416403 181.3648408785393
210.22826522448833 159.10768812280668
210.44376448535078 128.420825853506
210.65925472124997 99.89518388457206
210.87473592920819 65.5032946253778
211.09020810624767 58.88452135291643
211.30567124939066 80.55047060587594
211.52112535565942 150.45211036817105
211.73657042207623 209.81197740965368
211.95200644566333 233.3304808016208
212.16743342344301 214.609414380655
212.3828513524375 152.48707738810236
212.59826022966908 -3.369484923781691
212.81366005216 -6208.972158125211
213.0290508169325 215.77950363965093
213.24443252100886 -29.480297201106882
213.45980516141137 -716.7123878000838
213.67516873516223 1457.157713700553
213.89052323928377 510.5667744434634
214.10586867079815 359.21825139208335
214.3212050267277 282.5137473570592
214.53653230409472 233.51621657620063
214.75185049992137 191.79776002942484
214.96715961123 147.0460064697142
215.18245963504282 1.4818822739933421e-08
215.39775056838207 5.744438867640526e-09
215.61303240827007 2.3301582161786275e-09
215.82830515172904 1.379442623989912e-09
216.04356879578123 1.3031468759229833e-09
216.25882333744894 1.4833522165497738e-09
216.47406877375442 2.6023159871542843e-09
216.68930510171992 5.786663245831868e-09
216.9045323183677 1.6941100436953872e-08
217.11975042071998 4.2288586971180564e-08
217.33495940579908 291.8015949317687
217.55015927062726 219.88394556726365
217.76535001222678 153.49211793307921
217.98053162761983 101.5603758316108
218.19570411382875 42.31100199544456
218.41086746787576 -9.944226649967666
218.6260216867831 -22.0660370550634
218.84116676757313 18.824552188557426
219.05630270726797 63.78475414699601
219.27142950289 100.23063460968457
219.4865471514614 130.10447182236857
219.70165565000445 136.86879969338236
219.91675499554145 147.16417739284415
220.13184518509465 155.35222651202628
220.34692621568624 171.79449446138725
220.56199808433857 209.09408427761173
220.77706078807384 250.43960697936333
220.9921143239143 291.2205279437898
221.2071586888823 319.089116054629
221.42219387999998 348.4185047503311
221.63721989428973 357.2577844537872
221.85223672877368 314.1204136100455
222.06724438047416 223.55301213605432
222.28224284641345 171.2375329764977
222.49723212361374 142.23865399705397
222.71221220909732 114.72464495063792
222.92718309988652 104.95579360888246
223.14214479300352 101.54216296515133
223.3570972854706 102.49082103845417
223.57204057431 103.48613636885001
223.786974656544 102.98086063332201
224.00189952919484 95.9148819507243
224.21681518928486 88.008915718466
224.43172163383622 82.73495362087321
224.6466188598712 74.48619256204785
224.86150686441218 67.92709627102681
225.0763856444812 59.55908112228475
225.2912551971007 62.44616003724628
225.50611551929288 74.1199273397487
225.72096660807998 94.14681423495057
225.93580846048428 105.05518741169749
226.15064107352805 1.373900739870147e-08
226.36546444423357 3.741220834739535e-09
226.580278569623 5.894222599525208e-10
226.79508344671876 1.3448884941306155e-10
227.00987907254296 2.961716951005382e-10
227.22466544411793 9.641980015537591e-10
227.43944255846588 2.4343824426193325e-09
227.6542104126092 6.04131125058749e-09
227.86896900357 1.8114490059403837e-08
228.0837183283706 4.381678267161364e-08
228.29845838403327 272.754126624839
228.51318916758026 204.53069037151164
228.72791067603384 143.89278810808025
228.94262290641623 104.15142033658071
229.15732585574975 93.2340225227795
229.37201952105661 128.4311135650656
229.58670389935912 171.71570045691766
229.8013789876795 200.58873742432402
230.01604478304 193.07855022142653
230.23070128246292 164.7697236648047
230.44534848297047 135.98105174097736
230.65998638158496 119.0946505192207
230.87461497532865 115.89820408427794
231.08923426122374 112.63497035411636
231.30384423629255 103.06786766299545
231.51844489755732 90.41902276715822
231.73303624204033 73.99758445731207
231.94761826676378 61.103790978756464
232.16219096875 56.56273736438408
232.37675434502117 69.67960110716012
232.59130839259964 85.33604714118418
232.80585310850765 106.65261893766568
233.02038848976744 114.24124777759612
233.23491453340125 93.06399163708527
233.44943123643134 75.10516180675423
233.66393859588 53.66772050224688
233.87843660876953 38.5063576550428
234.09292527212207 21.087382345213086
234.30740458296 21.439995614702415
234.5218745383055 23.10679198023155
234.73633513518087 54.38657422561372
234.9507863706084 105.31257015417695
235.16522824161024 144.63484826247324
235.37966074520872 175.98621941860313
235.59408387842615 187.9804261805126
235.80849763828473 202.91761570360183
236.0229020218067 207.25191764457037
236.23729702601437 230.71071340140395
236.45168264792997 254.4202931772922
236.6660588845758 279.21211231137744
236.88042573297406 314.0764956941151
237.09478319014704 351.78911740576183
237.30913125311702 389.60603342851044
237.52346991890624 401.71759539265105
237.73779918453695 419.3036737716853
237.9521190470314 384.3115768176147
238.1664295034119 337.06955178000146
238.3807305507007 324.09208782563337
238.59502218592 287.6025216102697
238.80930440609208 2.7820474449950386e-08
239.02357720823926 1.2541953343577025e-08
239.23784058938375 4.90919510825085e-09
239.45209454654784 2.573735921972493e-09
239.66633907675373 1.6928539157686642e-09
239.88057417702376 1.6064383459189903e-09
240.09479984438013 2.1599711950921847e-09
240.30901607584514 4.414546817757074e-09
240.523222868441 1.0770510833994568e-08
240.73742021918997 2.1487671547860194e-08
240.9516081251144 85.98073016889427
241.16578658323647 77.0858095981147
241.37995559057848 97.53069978032428
241.59411514416266 147.99436776076524
241.80826524101124 211.54786988335127
242.02240587814654 246.82673962013348
242.23653705259085 232.30607375529013
242.45065876136633 190.8479227944055
242.66477100149527 147.19362561962973
242.87887377 113.53620266288434
243.0929670639027 97.28802771651164
243.30705088022566 95.36716479415858
243.52112521599116 115.76027491173927
243.7351900682214 140.8345254778373
243.94924543393873 153.18598409010806
244.16329131016536 145.18945878299644
244.37732769392352 125.63171388633329
244.5913545822355 110.62662642960167
244.8053719721236 97.05026901960974
245.01937986060997 87.20869961504752
245.23337824471696 73.75456864800027
245.44736712146687 62.908504592667306
245.66134648788187 51.577064008667406
245.8753163409842 43.23511730966529
246.08927667779622 40.49973289008924
246.30322749534017 40.754432194108254
246.5171687906382 49.47725530065174
246.73110056071272 56.51903203413094
246.9450228025859 75.06600026595123
247.15893551328 90.00448073484138
247.37283868981729 112.9148686112584
247.58673232922007 129.02997913099168
247.80061642851055 127.35591414499967
248.01449098471102 93.61351512114757
248.22835599484375 46.303358821508816
248.44221145593093 23.590405230193205
248.6560573649949 18.72928133686658
248.8698937190579 41.16650919917549
249.08372051514218 57.73903557329127
249.29753775026998 77.5134166270533
249.5113454214636 98.97290129973625
249.72514352574527 106.56916012382433
249.93893206013726 112.6299546696871
250.15271102166184 85.67827519271441
250.36648040734121 40.23433172400886
250.58024021419772 -5.663111667711444
250.79399043925363 28.91385134366499
251.0077310795311 135.710943436034
251.22146213205247 228.70183653001845
251.43518359383998 268.72164150269293
251.64889546191588 264.30491374787675
251.86259773330247 250.362559764979
252.07629040502195 216.19624399958118
252.28997347409666 189.35820810918938
252.50364693754872 170.0071853733276
252.71731079240053 180.31410997362502
252.93096503567435 205.56311359366535
253.1446096643923 229.15565948037568
253.35824467557677 223.696474683324
253.57187006625 221.64227205470266
253.7854858334342 223.48395852159038
253.99909197415167 242.41707212635654
254.21268848542468 293.9518771123585
254.42627536427543 401.2903735287229
254.63985260772623 475.33681012026375
254.85342021279936 428.1194565456944
255.06697817651704 277.7214572771426
255.2805264959015 125.00076917164044
255.4940651679751 82.65017315633325
255.70759418975996 84.32604146152305
255.92111355827848 93.27927659970548
256.1346232705529 123.04553871600064
256.3481233236053 176.75181178252274
256.56161371445825 298.982004446533
256.7750944401337 -39483.0003695114
256.9885654976541 -185.53015410215866
257.20202688404174 -90.14638460031256
257.4154785963187 -90.57686677101731
257.62892063150736 -127.59739534926669
257.84235298663 -189.13353077174145
258.0557756587088 -369.07830332833254
258.2691886447661 -2220.2348803235664
258.482591941824 673.7793935629229
258.69598554690504 290.584995013879
258.90936945703123 163.03181525117472
259.1227436692249 82.32338550755397
259.3361081805084 24.049842284767905
259.5494629879039 -11.838721864082743
259.76280808843364 -25.375501872584678
259.97614347911997 -13.644511026135092
260.1894691569851 14.434850162372605
260.40278511905126 49.022008013223655
260.61609136234074 89.4256428544606
260.8293878838759 132.1715428711264
261.0426746806788 174.72504520616258
261.2559517497717 221.65617588662815
261.4692190881771 262.13287002731784
261.6824766929172 269.90645322464326
261.895724561014 258.93424590424763
262.10896268949 233.344077778786
262.32219107536747 204.05206131656539
262.53540971566844 175.95847038518673
262.74861860741544 138.34692607340324
262.9618177476306 108.3861276812076
263.17500713333624 88.84178736428868
263.3881867615546 110.2600472420475
263.6013566293079 180.6912972166959
263.8145167336183 264.227211741385
264.02766707150823 333.45637713284367
264.24080764 381.19534395321034
264.45393843611566 384.15487925286243
264.66705945687767 333.6723223567318
264.8801706993082 244.87608296913623
265.0932721604294 160.04560104747125
265.30636383726375 100.61800168534408
265.51944572683334 65.10444080336865
265.7325178261605 49.994643757768316
265.9455801322675 57.275162151833165
266.1586326421766 84.6238157888078
266.37167535290996 133.61844475526203
266.58470826149 4.844853802217505e-08
266.7977313649389 1.4304654041122307e-08
267.0107446602788 4.739735091500393e-09
267.22374814453224 1.5747480766585502e-09
267.43674181472124 5.092241273912031e-10
267.64972566786815 1.374531472814583e-10
267.8626997009952 2.270535223616376e-12
268.0756639111247 1.6447930154424526e-10
268.28861829527887 1.1251555934388562e-09
268.50156285047996 4.6522568258860085e-09
268.7144975737503 2.5733440815574485e-08
268.927422462112 200.3680928228763
269.1403375125875 251.5893944442557
269.35324272219907 292.03406813533667
269.56613808796874 302.81996423708523
269.77902360691894 263.12685913591355
269.99189927607193 196.845269567489
270.20476509244986 137.49441319776605
270.41762105307515 101.36404839260823
270.63046715497 92.21075888192593
270.84330339515657 96.71883227950566
271.05612977065726 109.21333218459557
271.26894627849424 121.5345906289915
271.48175291568987 132.0200955102489
271.69454967926623 142.65965409407073
271.90733656624576 152.51312502639828
272.12011357365066 152.66134344605533
272.3328806985031 138.00584441630684
272.54563793782546 116.55123990390277
272.75838528864 97.04310846628148
272.97112274796893 99.20867163677805
273.18385031283447 246.27689734093553
273.396567980259 -535.0194924505344
273.6092757472647 -335.60923770015205
273.8219736108737 -691.0835815632593
274.03466156810856 1228.9194968915983
274.24733961599134 367.98549395818617
274.4600077515443 228.51211878490858
274.6726659717898 178.84162550591026
274.88531427375 147.9999247457599
275.0979526544472 117.1868202466523
275.3105811109037 84.29782071344238
275.5231996401417 57.63382998268275
275.7358082391834 48.901876311228456
275.94840690505123 62.05536111919249
276.1609956347674 83.5783735460781
276.373574425354 103.32319959430812
276.5861432738335 117.05944626824925
276.7987021772281 117.83741204341436
277.01125113256 111.23575546613716
277.22379013685145 97.62488051395898
277.4363191871249 85.36503518139962
277.64883828040234 74.75474762321305
277.86134741370626 69.24990519898343
278.07384658405874 56.832305342116875
278.2863357884821 41.13117255985595
278.49881502399876 30.17377951228917
278.71128428763075 29.132278177637264
278.92374357640034 66.18081715384093
279.13619288732997 97.93475685285493
279.34863221744183 107.33712715233054
279.561061563758 102.22349312547779
279.77348092330107 1.3914799070572404e-08
279.98589029309306 5.486123743983407e-09
280.1982896701562 2.4350384871232966e-09
280.41067905151294 1.5814601406376202e-09
280.6230584341854 1.2829464183754596e-09
280.8354278151958 1.1888133872497477e-09
281.04778719156667 1.260129247658549e-09
281.26013656032 1.6918162967124247e-09
281.4724759184781 3.953449288548427e-09
281.68480526306325 1.1033116985985014e-08
281.8971245910978 57.67713469073645
282.1094338996038 77.33228915999004
282.32173318560376 104.97932375702858
282.53402244611976 152.61824602375543
282.7463016781741 208.81057009062874
282.9585708787891 246.0437433650681
283.170830044987 253.38096985956633
283.38307917378995 228.37048806524655
283.5953182622204 196.1557689264243
283.80754730730047 166.87670796779256
284.0197663060524 152.88477776489418
284.23197525549864 139.2952427533155
284.4441741526613 133.2940587717865
284.6563629945626 136.59849709383238
284.86854177822477 125.77295831402702
285.0807105006703 113.82226373221903
285.2928691589213 101.52544366832983
285.50501775 101.62079970156118
285.7171562709287 109.36761380041524
285.92928471872966 2.525548880353903e-08
286.14140309042523 7.251790318277353e-09
286.3535113830374 2.3121874275507256e-09
286.5656095935887 8.33369939879483e-10
286.77769771910135 3.4859521130801954e-10
286.9897757565975 3.0393348277549484e-10
287.20184370309954 5.364036589869788e-10
287.41390155562965 1.3565487765545967e-09
287.62594931121 3.749501338290402e-09
287.837986966863 1.1650575879575686e-08
288.0500145196109 4.110001807357194e-08
288.26203196647583 213.99800850825
288.47403930448024 181.55885386389704
288.6860365306462 141.77220402601927
288.89802364199613 104.93728733803563
289.11000063555224 85.44277155284121
289.32196750833674 85.54091976928798
289.53392425737184 105.56083888822651
289.74587087968 173.2749221957752
289.95780737228336 302.83756407700656
290.16973373220407 728.8421409834563
290.38164995646457 3259.0867681821424
290.593556042087 -7603.167619534529
290.8054519860937 4521.451590536051
291.0173377855069 517.9089886786759
291.22921343734896 194.19879389015645
291.4410789386419 139.27010656765842
291.6529342864082 150.85671210103916
291.86477947767 178.32678221197082
292.07661450944954 210.27129149468354
292.2884393787692 224.82601689780685
292.5002540826513 220.4545206106908
292.7120586181178 195.3713296616453
292.92385298219125 155.9047616166048
293.1356371718938 127.037952245127
293.3474111842476 104.23544800348127
293.5591750162751 91.15108400766385
293.7709286649985 80.47275740528718
293.98267212743997 68.8784627961774
294.1944054006219 64.9573672301929
294.40612848156644 65.98416596584403
294.61784136729597 76.20259240615523
294.82954405483264 84.6035006135691
295.04123654119877 93.7748421007347
295.2529188234165 101.05195356607489
295.46459089850833 113.26166560482363
295.67625276349634 130.72249802294877
295.8879044154027 152.64783981334537
296.09954585124996 176.1863959066784
296.3111770680602 194.3957097912414
296.5227980628556 215.66150377684355
296.73440883265863 222.66305077288902
296.94600937449144 207.16312802945356
297.1575996853763 174.27589627209
297.36917976233536 127.23549749700355
297.58074960239105 84.42641320181717
297.79230920256555 63.2364058324941
298.00385855988105 68.84534769007927
298.21539767136 81.76957792815418
298.4269265340245 83.63989454500633
298.6384451448969 77.39020541617954
298.8499535009994 67.48440820993811
299.06145159935426 66.44015358287291
299.27293943698373 77.43692258233146
299.48441701091014 98.44902177414684
299.6958843181557 124.087155824627
299.90734135574274 143.0446676154268
300.11878812069335 152.41804773252704
300.33022461003003 145.55818718358526
300.54165082077486 125.82861458433663
300.7530667499501 112.97556784870565
300.9644723945781 102.07331760885494
301.1758677516811 97.67212550961898
301.38725281828124 93.56421686262065
301.59862759140094 94.50113507046125
301.80999206806246 91.56633775636857
302.0213462452879 93.86983917689041
302.2326901200997 99.32844030392036
302.44402368952 98.01046833757323
302.65534695057113 104.68864590483508
302.8666599002753 109.20061084966103
303.07796253565476 116.47818003430297
303.28925485373185 124.68830461123459
303.50053685152875 137.8813700430145
303.7118085260677 150.07144001019563
303.9230698743711 161.40360868245006
304.1343208934611 163.36066499945775
304.34556158036 154.75770004902364
304.55679193209 139.4383727587895
304.76801194567344 118.07503343030007
304.97922161813244 100.20059925680133
305.19042094648944 86.53284206246772
305.40160992776663 78.95765577644893
305.61278855898627 73.57239004884016
305.8239568371705 73.53939332747947
306.0351147593418 74.73766006241702
306.24626232252234 82.91819693394922
306.4573995237343 106.06919525554866
306.66852636 130.56853799539957
306.87964282834173 161.26436537318247
307.09074892578167 182.1468470099253
307.3018446493422 193.83686435510668
307.51292999604544 186.13830421501248
307.7240049629137 184.02717008296744
307.9350695469693 169.61943388875875
308.1461237452345 142.22485673774182
308.3571675547315 119.2171781826788
308.56820097248254 101.47973421210999
308.77922399551 103.82011078622367
308.99023662083596 131.41796383048438
309.2012388454829 204.92953283518622
309.41223066647285 340.3302344278417
309.6232120808282 719.675856678462
309.8341830855713 2363.827035593828
310.0451436777242 4589.155617929868
310.2560938543092 1223.268339207602
310.46703361234876 499.7027131880554
310.6779629488649 305.64780920688554
310.88888186087996 219.81416747813086
311.09979034541635 169.1254299364798
311.3106883994961 125.67367773050132
311.5215760201415 117.85696600803539
311.7324532043751 146.91053955638262
311.94331994921873 219.2564139614563
312.154176251695 346.0286810811697
312.36502210882594 476.25694017383296
312.57585751763395 614.6949511734738
312.7866824751412 772.881526316934
312.99749697837007 1342.0314863015865
313.2083010243426 -1277.2821868735878
313.41909461008123 -148.79861219318417
313.62987773260824 -2.932575870083449
313.8406503889458 7.720055222264463
314.05141257611626 -65.3058185873281
314.2621642911418 325.61099648487885
314.4729055310446 194.54904140611234
314.68363629284715 165.2578981110764
314.8943565735715 155.87560774487991
315.10506637023997 142.0055615097327
315.31576567987486 124.40220737225198
315.52645449949847 107.12169330727365
315.73713282613295 97.43757274563035
315.94780065680067 93.63880866670442
316.15845798852376 97.54619722985129
316.3691048183245 111.0648051352544
316.5797411432253 122.31879736019827
316.7903669602483 143.96410304305303
317.00098226641575 162.1270651910529
317.21158705874996 175.644208066026
317.4221813342732 188.34327280418728
317.63276509000764 195.11056049434816
317.8433383229757 196.69892995974783
318.0539010301994 192.09773298933717
318.26445320870124 186.0217350225845
318.4749948555034 172.06865234098464
318.68552596762805 160.32681396297707
318.89604654209745 155.4724576210116
319.1065565759341 152.75428523145231
319.31705606616003 155.5807607485208
319.52754500979745 155.0214724144778
319.73802340386885 140.7479456673904
319.9484912453964 119.43572389362689
320.1589485314022 101.72213048155112
320.36939525890875 122.15487191925149
320.57983142493816 211.99502673930246
320.79025702651273 513.0213547372128
321.0006720606547 2149.582774730448
321.2110765243864 -4285.278049620885
321.42147041473 -2469.5001249400466
321.6318537287078 -24540.152198921587
321.84222646334206 1082.08423731666
322.052588615655 370.64121336991155
322.26294018266907 172.48251616604603
322.47328116140625 81.94843440735414
322.6836115488889 36.20759309734892
322.89393134213947 19.51950398045501
323.1042405381799 16.265029424764457
323.31453913403266 19.64422416546406
323.52482712672 37.5001633624896
323.7351045132641 57.97229344306978
323.94537129068726 87.90216950668858
324.1556274560118 116.86108145397284
324.36587300625985 125.5443735193291
324.5761079384537 117.20087188251051
324.7863322496158 88.24899427859056
324.99654593676814 57.10504727969799
325.2067489969331 32.95190663389898
325.416941427133 30.255697992844578
325.62712322438995 54.36241290362895
325.8372943857264 98.13011150076882
326.0474549081645 194.583485407981
326.25760478872644 330.8295878462941
326.46774402443464 493.8550143623157
326.67787261231126 542.6256790486264
326.8879905493785 439.48562972069396
327.0980978326588 297.38689742300085
327.30819445917433 207.38140442054376
327.5182804259473 159.66899814359292
327.72835573000003 129.7474978971505
327.93842036835474 115.02993342281779
328.1484743380336 104.71428545626999
328.35851763605916 107.11692000456937
328.56855025945345 125.9278055313631
328.77857220523873 172.57531774444402
328.98858347043733 216.24543246289392
329.1985840520715 265.8387581286478
329.4085739471635 281.64457133389516
329.61855315273556 273.28801898026785
329.82852166581 249.29822910953445
330.038479483409 198.67293389962643
330.24842660255484 159.18899204963898
330.45836302026987 136.00930640949932
330.6682887335762 125.28866734647508
330.87820373949626 120.75136812980499
331.0881080350522 118.89823815917251
331.29800161726615 111.38732007296751
331.5078844831607 110.21506535356332
331.7177566297579 117.99229833786967
331.92761805407997 130.7371380270468
332.1374687531493 145.07064424538538
332.3473087239881 156.69088682868724
332.5571379636185 154.78864019589463
332.766956469063 151.70756064775742
332.97676423734373 149.42366073716875
333.1865612654829 162.91602390584964
333.3963475505029 185.64050893758375
333.6061230894259 215.17077086008663
333.81588787927416 230.75848975684565
334.02564191706995 221.8292240965457
334.2353851998356 187.6527292464017
334.4451177245932 150.00472756850758
334.65483948836527 110.69697229183056
334.86455048817385 73.94379148987694
335.0742507210412 57.18912131141331
335.2839401839898 51.66048177805423
335.4936188740416 59.231926199343185
335.7032867882191 72.53447567999358
335.91294392354456 93.8120791595002
336.12259027704 109.0576656407972
336.33222584572786 135.98953334714636
336.54185062663055 166.50105697332765
336.75146461676997 191.10058029955297
336.96106781316854 202.8370359169669
337.1706602128488 196.29811601140295
337.38024181283254 176.04412672630292
337.58981261014236 145.97051716595684
337.79937260180037 115.53092393739647
338.0089217848288 89.05024114111669
338.21846015625005 75.39949875359234
338.4279877130862 67.6306001634494
338.6375044523596 72.78345289309866
338.84701037109267 81.74236728125362
339.05650546630744 89.2032322513405
339.2659897350262 98.07457381658118
339.47546317427134 108.2692026501353
339.68492578106503 116.73698647292994
339.8943775524295 122.21187142753443
340.1038184853871 123.69406423580385
340.31324857696 125.77993103487844
340.52266782417047 137.2692508740038
340.7320762240409 149.35220745860454
340.9414737735934 164.3060870607967
341.1508604698502 182.6509444477393
341.36023630983374 201.86554546217917
341.5696012905662 219.8745172445625
341.7789554090697 223.95614274172564
341.98829866236673 201.48601763876852
342.19763104747943 165.2161671745625
342.40695256142993 126.1258633506453
342.6162632012408 102.37518324960631
342.8255629639341 102.95061763452247
343.03485184653204 114.70056611951863
343.24412984605704 137.1835164979199
343.45339695953123 152.64539350530507
343.66265318397694 163.36189731959257
343.8718985164164 164.6551804020215
344.08113295387193 159.44105880049435
344.2903564933656 144.4478730121163
344.49956913191994 131.5481049714334
344.70877086655713 118.94552800808047
344.9179616942992 115.36394124177014
345.12714161216877 123.40452564297995
345.33631061718785 137.87060522375774
345.5454687063787 155.60012537694317
345.75461587676375 179.03904114101064
345.96375212536515 195.75055042879686
346.1728774492051 200.5871549257865
346.38199184530595 206.21175896093155
346.59109531069 205.3687112426253
346.8001878423794 211.85963063027626
347.0092694373965 223.7170883644615
347.21834009276347 238.0307787113277
347.4273998055026 221.97407553012053
347.63644857263625 219.26353334896015
347.84548639118657 209.60810015913424
348.0545132581758 200.02149878741875
348.2635291706264 197.33951118468605
348.4725341255603 191.66437273044193
348.68152812 182.33280428672282
348.8905111509677 167.5802742261492
349.09948321548563 144.34759340568684
349.3084443105761 126.52756919241088
349.5173944332615 118.76573973488695
349.72633358056373 122.89519222272236
349.9352617495054 129.13031116570244
350.14417893710856 142.2433739160962
350.3530851403955 156.8799677551133
350.56198035638863 169.4076830012924
350.77086458211005 178.78568817237635
350.979737814582 168.31825029759182
351.18860005082684 151.11874767896757
351.3974512878669 135.3446947305723
351.60629152272423 147.17108661833117
351.81512075242125 165.94338476926777
352.02393897398014 182.75975159874127
352.2327461844232 173.90616833347931
352.4415423807727 150.29198446778602
352.6503275600509 132.84222423196053
352.85910171928 118.31455029731985
353.0678648554823 110.5849682754277
353.27661696568015 108.27681196666263
353.48535804689556 106.74982984496977
353.69408809615106 106.36014004713834
353.90280711046876 109.3942648027825
354.11151508687095 111.07510080647117
354.3202120223799 109.23186438627627
354.52889791401793 109.4007704552957
354.7375727588072 107.99475675665646
354.94623655377 109.72242148174553
355.1548892959286 111.57013647700914
355.3635309823053 113.7456866503464
355.57216160992226 118.9277001655854
355.78078117580185 131.68586594017623
355.98938967696625 147.2279656977578
356.19798711043774 160.0350026366272
356.4065734732386 167.9299202901058
356.6151487623911 160.60419979720078
356.8237129749175 151.21544384451713
357.03226610784 145.13725704583092
357.24080815818087 157.0774519678318
357.44933912296244 164.52895332486267
357.657858999207 169.2924304855646
357.8663677839366 157.75435207151494
358.07486547417375 139.67864050934173
358.28335206694055 133.4770699895767
358.49182755925926 141.93840867157132
358.7002919481523 171.28658661730043
358.9087452306418 203.588564223702
359.11718740375 216.59536145086918
359.32561846449926 178.4473056709959
359.53403840991166 145.0181393528493
359.7424472370096 117.69549145435963
359.9508449428155 112.19839589899381
360.15923152435124 114.14995046358113
360.36760697863934 119.5223501945256
360.57597130270204 114.55885198395652
360.78432449356154 94.57555302373028
360.99266654824004 82.9032520457418
361.20099746376 76.2068493404179
361.4093172371435 80.24083060646218
361.61762586541283 89.756922952274
361.8259233455904 102.22662472299666
362.0342096746982 111.84901506602144
362.2424848497587 116.9662268164077
362.4507488677942 114.73124428510891
362.6590017258267 101.85934615615734
362.8672434208787 89.9154770751422
363.0754739499724 84.78716301099155
363.28369331013 87.50996192935989
363.4919014983738 100.74581852515756
363.7000985117261 104.37108210946657
363.908284347209 106.45015014669977
364.11645900184504 100.6915901203094
364.32462247265624 97.09393011528057
364.53277475666494 92.51360943972408
364.74091585089343 90.49467006695951
364.94904575236393 90.8956586161877
365.1571644580987 91.28082475327645
365.36527196512003 92.60927407002612
365.5733682704501 98.3375151649271
365.78145337111124 109.86828328989128
365.98952726412574 129.5414929941646
366.19758994651585 156.93526350613658
366.40564141530376 166.3126904007784
366.61368166751174 159.61859954499295
366.8217107001621 140.85716069676434
367.0297285102771 120.54722244797608
367.237735094879 104.84174337991709
367.44573045098997 97.18753109521789
367.6537145756324 88.67427486075518
367.8616874658285 89.64387003297871
368.06964911860047 94.71429343178264
368.27759953097063 102.11627437850706
368.48553869996124 117.3666651571513
368.6934666225946 138.2698817760113
368.9013832958928 152.3494435589243
369.10928871687827 166.33979468841517
369.3171828825733 166.07457822069364
369.5250657899999 161.57002404755548
369.7329374361807 156.38432979586415
369.94079781813764 152.80697630891504
370.1486469328931 148.4469219216297
370.3564847774694 140.77026894860705
370.5643113488888 135.77310845005658
370.77212664417334 123.42221438971399
370.97993066034553 121.62575782062319
371.1877233944275 138.1116589208129
371.39550484344153 187.491701220872
371.60327500440997 239.74611858933267
371.81103387435496 279.497798948029
372.01878145029883 282.565187318755
372.22651772926395 246.15298940274843
372.4342427082722 213.79611332146683
372.6419563843462 190.44172163271006
372.84965875450814 171.45280247867834
373.05734981578024 169.9585523175174
373.2650295651847 169.40727616117022
373.4726979997439 169.80173699366546
373.68035511648003 183.2340743977361
373.8880009124153 209.10123058392878
374.0956353845721 225.77750280486066
374.30325852997254 231.14321500423256
374.510870345639 224.12598805533455
374.7184708285938 207.2684787561506
374.92605997585895 236.7835064184862
375.13363778445694 267.2618672484328
375.3412042514099 252.45062978534625
375.5487593737402 236.62235933264768
375.75630314847 212.22348922730552
375.96383557262163 200.25491147984476
376.1713566432173 199.8599718846993
376.37886635727926 199.42050929803747
376.58636471182984 198.41097930010255
376.7938517038912 193.90137782328762
377.00132733048576 188.98146029747826
377.2087915886357 176.1386311033422
377.4162444753631 176.2439298692694
377.62368598769046 175.9240468906936
377.83111612264 188.02183657031813
378.0385348772339 197.3169070971014
378.2459422484945 198.49191784277198
378.453338233444 190.21556392364008
378.6607228291046 171.10850409379574
378.8680960324987 155.56960768091093
379.07545784064854 145.0751669253064
379.2828082505763 151.0379916700945
379.4901472593043 170.67549515678587
379.6974748638548 206.96410690235973
379.90479106124997 245.172572387274
380.1120958485122 279.61241832797583
380.3193892226637 275.648098826654
380.5266711807266 249.01257800627525
380.7339417197234 224.77277211643954
380.9412008366763 196.63922486160772
381.14844852860733 165.47202469496517
381.355684792539 135.8353366086045
381.56290962549355 110.6836636228243
381.77012302449305 104.73291281295765
381.97732498656 126.58399637247713
382.1845155087165 161.51178258338697
382.39169458798483 184.58180941415284
382.5988622213874 192.28330301668268
382.80601840594625 187.37948554819278
383.0131631386837 179.63351798666048
383.22029641662215 175.30950074614424
383.4274182367837 165.63248438163285
383.63452859619065 154.26243112495627
383.8416274918653 134.00878331313498
384.04871492083 112.44598340104012
384.25579088010676 93.94901197893111
384.46285536671814 85.00607984916005
384.6699083776861 76.5680447482927
384.876949910033 70.3097229897299
385.0839799607813 73.31054697008837
385.290998526953 87.85663029906351
385.4980056055704 131.8144121614282
385.70500119365596 191.96341334343333
385.91198528823173 249.736956784589
386.11895788631995 268.81191158859923
386.3259189849431 246.39395340404656
386.5328685811233 205.4081542776339
386.7398066718827 168.90080005243124
386.94673325424384 145.80723702589273
387.15364832522874 134.82542352258773
387.36055188185975 130.55311696749658
387.56744392115917 128.46455716237108
387.7743244401491 131.27961787674948
387.981193435852 140.30781277698006
388.18805090529 152.93087254927013
388.3948968454854 168.17035543167478
388.60173125346046 176.98801410343816
388.8085541262375 178.32309920186992
389.01536546083867 175.465844276279
389.22216525428627 177.1545497552086
389.4289535036026 174.6416028265532
389.6357302058098 168.8922820263106
389.8424953579303 160.91835863606957
390.04924895698633 158.57617821352218
390.255991 167.79837990268678
390.46272148399373 190.450496532715
390.6694404059897 221.28608593333857
390.8761477630101 239.1191499541857
391.08284355207746 242.17315873650477
391.2895277702138 220.9689561140926
391.4962004144413 189.94719751916605
391.7028614817825 158.95950898709404
391.90951096925954 137.33746253499046
392.11614887389453 126.98622502055562
392.32277519271 126.92927422333548
392.52938992272806 132.50764662865146
392.7359930609709 138.34635541865984
392.9425846044609 142.68746123951217
393.14916455022023 146.07783230571584
393.3557328952712 147.19823659572126
393.56228963663614 147.22841895880228
393.76883477133725 144.79491590517628
393.9753682963967 142.01127581385987
394.1818902088369 137.61215072479837
394.38840050568 135.98948554591846
394.59489918394826 137.75355258139908
394.80138624066404 139.88398627548
395.0078616728496 146.08247039397398
395.214325477527 152.70327683770697
395.4207776517187 160.12614516589264
395.62721819244695 165.70415628949132
395.8336470967339 168.9507230960263
396.0400643616019 167.39235750262495
396.24646998407314 162.58525104328743
396.45286396117 158.02869754577767
396.65924628991456 152.66511083005437
396.8656169673293 149.7278656455268
397.0719759904362 146.97945628157944
397.27832335625783 144.97843475069135
397.4846590618162 144.44071798308192
397.69098310413375 144.62564773702397
397.89729548023263 146.87070163368023
398.1035961871351 149.513427290079
398.30988522186345 153.44266101585578
398.51616258144 156.63709820859404
398.7224282628869 159.8969070677003
398.92868226322645 161.72883509856692
399.13492457948104 161.74979740765113
399.3411552086726 159.36970519427683
399.5473741478237 153.55467437493212
399.75358139395655 146.62107553271485
399.95977694409333 141.198500976158
400.1659607952563 139.79682355486926
400.3721329444678 142.80114462533302
400.57829338875 148.65613268217535
400.7844421251252 154.30373637554086
400.9905791506157 157.37467335135236
401.19670446224364 157.47969835056696
401.4028180570315 155.02073799331302
401.60891993200124 152.48529985212923
401.81501008417536 150.60934444589836
402.021088510576 149.75752650816017
402.22715520822555 149.66083149769958
402.43321017414604 149.97864608282404
402.63925340536 150.1992834644824
402.84528489888953 150.67838882178975
403.0513046517569 151.45431258497229
403.2573126609843 151.79125790965958
403.4633089235943 152.42076840304804
403.66929343660877 153.1048760620503
403.8752661970501 153.6884020088707
404.08122720194075 153.55104182335836
404.28717644830266 153.15727929963654
404.4931139331584 151.71019295069922
404.69903965353 150.15305322004556
404.9049536064398 149.06844469593088
405.1108557889101 148.66309836520733
405.3167461979631 149.0187813760986
405.522624830621 149.85567113554617
405.72849168390627 150.47892711751305
405.934346754841 150.46894533488998
406.1401900404474 150.34493420676964
406.3460215377479 150.21265165455785
406.55184124376467 150.4322095091708
406.75764915551997 151.2423496152522
406.96344527003606 152.07141309617953
407.1692295843353 152.52981061539447
407.3750020954397 152.7620779692306
407.5807628003718 152.40985031650007
407.78651169615375 151.62421244922172
407.9922487798077 151.00380499676538
408.1979740483561 150.86579695794265
408.4036874988211 151.13816488171446
408.60938912822496 151.69121066922892
408.81507893359 152.5358108053817
409.0207569119384 152.80924746438652
409.22642306029246 152.9621421314264
409.4320773756745 152.72630598804423
409.63771985510664 152.27454782470278
409.8433504956112 151.70195136849685
410.0489692942106 151.56273116470734
410.2545762479268 151.3648671710745
410.4601713537823 150.80099913564447
410.6657546087993 150.31062400279245
410.87132600999996 149.57772734508447
411.07688555440666 149.13390768972786
411.28243323904167 149.23071125660056
411.4879690609272 149.969999362085
411.6934930170854 150.5022761127126
411.8990051045388 151.12558806576496
412.1045053203094 151.2211513875351
412.3099936614195 151.22262697587058
412.5154701248916 151.03817831145025
412.7209347077476 150.70704310966337
412.92638740701 150.22223916434
413.13182821970105 149.74646160318048
413.3372571428429 149.42740949113866
413.54267417345784 149.55459601873824
413.74807930856826 150.1033344805714
413.95347254519623 150.80144136745346
414.1588538803642 151.75622322736604
414.36422331109424 152.65086646303328
414.5695808344087 153.21422629242326
414.7749264473299 153.32502732229113
414.98026014687997 153.08906990820816
415.1855819300813 152.5508610233671
415.3908917939561 152.207499224667
415.5961897355266 152.24365624916885
415.801475751815 152.58141426277086
416.00674983984374 153.03842344065873
416.212011996635 153.28004172795974
416.4172622192109 153.13553726532015
416.6225005045939 152.7087297080552
416.8277268498062 152.3306753343053
417.03294125186994 152.14705838841488
417.2381437078076 152.0131771877846
417.4433342146413 151.71860004320033
417.6485127693932 151.1363647634216
417.8536793690858 150.361041255424
418.05883401074124 149.9848715679694
418.26397669138174 150.21681322589015
418.46910740802963 150.8285787663559
418.6742261577071 151.5177198482876
418.87933293743646 151.9184431626287
419.08442774424 152.07369018900258
419.2895105751399 151.87916253432476
419.49458142715844 151.6996499893207
419.69964029731796 151.44449257864764
419.90468718264066 151.39649375284375
420.1097220801487 151.34529811977885
420.3147449868645 151.33243826900832
420.5197558998103 151.31335328007438
420.72475481600827 151.2486603701503
420.9297417324808 151.48433099608351
421.13471664625 151.8582446892833
421.33967955433815 152.18783685960082
421.5446304537677 152.4036976162237
421.74956934156063 152.30706814378172
421.9544962147394 151.99813311940883
422.1594110703263 151.7814420490933
422.36431390534335 151.59132967433453
422.56920471681303 151.67593012398686
422.77408350175756 151.76089385401266
422.9789502571991 151.9346914773402
423.18380498015995 151.87898151328594
423.38864766766255 151.91972039858132
423.59347831672886 151.88685490886473
423.7982969243813 152.07795089351293
424.0031034876423 151.9232441035701
424.2078980035337 151.55693649541124
424.4126804690781 150.83102651641198
424.6174508812977 150.18020622042962
424.82220923721474 150.03134755514927
425.0269555338514 150.5072190906761
425.23168976823007 151.21589993384498
425.4364119373728 151.82384812646822
425.6411220383021 152.25610121488037
425.8458200680401 152.19250900933693
426.050506023609 152.00518934168926
426.2551799020313 151.52629944547508
426.459841700329 151.28139668411484
426.6644914155244 151.5709218553228
426.8691290446399 152.1162508224835
427.0737545846977 152.78010967347282
427.27836803272 153.01818497319297
427.48296938572906 152.80945315910398
427.6875586407473 152.2892185614381
427.89213579479673 151.98936875842296
428.0967008448998 151.80034359995935
428.3012537880788 151.8730144788021
428.50579462135573 152.3195077402025
428.71032334175305 152.67388263819674
428.9148399462931 152.8108134791576
429.11934443199794 152.57085968035037
429.32383679589003 152.19114722217154
429.5283170349914 151.495491074117
429.73278514632443 151.20443138027144
429.9372411269115 151.4461547689987
430.14168497377466 151.87098578016642
430.3461166839362 152.4367907432192
430.5505362544186 152.82286412252265
430.75494368224383 152.71102428355275
430.9593389644343 152.24851356600053
431.16372209801233 152.1594008102181
431.36809308 151.90029431235752
431.5724519074197 151.99184321676532
431.77679857729373 152.35548655070025
431.9811330866442 152.6637266507652
432.1854554324934 153.09097246471396
432.3897656118638 153.50443672059262
432.59406362177737 153.89516904795155
432.7983494592565 154.03098326136478
433.00262312132355 154.21927508451427
433.2068846050006 154.03941165266738
433.41113390731 153.6178196771788
433.61537102527404 153.06042505038286
433.8195959559149 152.61579610209088
434.02380869625483 152.37825896223367
434.2280092433163 152.45391427454004
434.43219759412125 152.79871515184635
434.63637374569214 153.09233715277384
434.84053769505124 153.2689697513412
435.04468943922075 153.60676506958666
435.24882897522286 153.73065176478974
435.45295630008 153.998653933211
435.65707141081435 154.24371985050874
435.861174304448 154.28747857270073
436.0652649780036 153.98317626176393
436.269343428503 153.30805862393242
436.47340965296866 152.4296245860323
436.677463648423 151.61339316280274
436.88150541188793 151.4036630957568
437.0855349403859 151.6851001176365
437.2895522309392 152.39269729064193
437.49355728057 153.20607296935296
437.6975500863005 153.69534565174308
437.9015306451533 154.11739511457412
438.1054989541503 154.32505849656252
438.3094550103138 154.1461227405078
438.5133988106663 153.7040015668163
438.71733035222974 152.91060636419218
438.92124963202656 152.44025714457985
439.1251566470791 152.16225661367324
439.3290513944095 152.3450724999294
439.53293387104 152.39269775340887
439.7368040739929 152.30458947030988
439.9406620002905 152.066730596378
440.1445076469549 151.94500986652665
440.34834101100864 152.18558506038502
440.55216208947377 152.3816903904998
440.7559708793725 152.7564039209077
440.95976737772736 152.8954612301187
441.1635515815603 152.88481869237867
441.3673234878937 152.87971405015332
441.57108309375 152.87514278939705
441.7748303961512 152.74311013333855
441.9785653921197 152.6546484466066
442.1822880786777 152.69477769024448
442.3859984528474 152.84208145959886
442.5896965116513 152.98207828082624
442.79338225211137 153.18797019616784
442.99705567125 153.24787064097836
443.20071676608956 153.3075267880649
443.4043655336521 153.41331787280248
443.60800197095995 153.13720397523352
443.8116260750356 152.93161111583876
444.0152378429009 152.64788406004172
444.2188372715783 152.76978945650643
444.42242435809027 152.9800096918736
444.62599909945874 153.3638794771093
444.82956149270615 153.45401108243746
445.0331115348548 153.4653858763039
445.2366492229267 153.35881860415066
445.44017455394436 153.26634001059378
445.64368752493004 153.15507629882273
445.84718813290584 153.1116199826855
446.050676374894 153.07503008689778
446.2541522479171 152.70070713881242
446.457615748997 152.12341914927492
446.6610668751562 151.66989286022962
446.86450562341696 151.7105355677536
447.0679319908014 152.17517967396128
447.2713459743319 153.02078263951734
447.4747475710307 153.47289167086154
447.67813677792 153.47829905562395
447.8815135920221 153.28056551177914
448.0848780103593 152.96988192413758
448.28823002995375 152.7831097115981
448.4915696478278 152.61631067202896
448.69489686100377 152.50558024885552
448.8982116665037 152.39837932036394
449.1015140613501 152.5526254972134
449.30480404256514 152.6688105737899
449.508081607171 153.04235195614368
449.71134675218997 153.4853762979443
449.91459947464443 153.43527148407617
450.1178397715565 153.55400877603785
450.32106763994847 153.58549789042343
450.52428307684266 153.71841337504426
450.72748607926127 153.8355154261975
450.93067664422654 153.96639005920525
451.13385476876084 153.71335552835197
451.33702044988627 153.3991591047749
451.54017368462524 152.98303965366364
451.74331447000003 152.6775144144383
451.9464428030327 152.60218321835225
452.1495586807456 152.61771800541237
452.3526621001612 152.64348281116955
452.55575305830143 152.60524409183668
452.7588315521887 152.1677637584551
452.96189757884537 152.0577432535864
453.1649511352935 151.9810172605737
453.36799221855546 152.1187706927554
453.5710208256536 152.3622746699554
453.77403695361 152.53041822675533
453.97704059944704 152.8616795983383
454.18003176018686 152.9728231563499
454.38301043285185 153.12016313899906
454.5859766144643 152.8712547877787
454.78893030204625 152.8382009762383
454.99187149262013 152.80480670586013
455.1948001832083 153.21537797927343
455.3977163708327 153.79376297576886
455.60062005251586 154.2328095046192
455.80351122528003 154.44588839838895
456.0063898861473 154.10190572036902
456.20925603214005 153.5474622210464
456.4121096602806 152.7517333027102
456.61495076759104 152.55672968676967
456.8177793510937 152.59275781828867
457.02059540781096 152.88676613746946
457.22339893476493 152.91171909313493
457.42618992897786 152.4537496744313
457.62896838747224 152.19243693581598
457.83173430727 152.4880336749226
458.0344876853936 153.2202842270558
458.23722851886527 154.02394133284173
458.43995680470726 154.41840498153093
458.64267253994177 154.13700334346703
458.84537572159127 153.66101285614482
459.04806634667773 153.29706741576717
459.2507444122236 152.72187371574506
459.45340991525114 152.51174802467236
459.6560628527825 152.538076303629
459.85870322183996 152.9122284274204
460.0613310194459 153.61694171313485
460.2639462426225 154.14738224357913
460.46654888839197 154.14998259792094
460.66913895377667 153.88604164037375
460.87171643579876 153.47024601032368
461.0742813314805 153.20819287906264
461.2768336378444 153.346843321521
461.47937335191233 153.81179371169543
461.68190047070675 154.31418165297822
461.88441499125 154.65883707298394
462.0869169105642 154.48578141310017
462.28940622567166 153.84674983067805
462.4918829335947 153.1631341052801
462.6943470313554 152.6338689673375
462.8967985159762 152.42653399282028
463.0992373844794 152.15550299621157
463.301663633887 152.05268352858332
463.5040772612214 152.04085680093655
463.7064782635051 152.3159218875003
463.90886663776 152.87110738199536
464.1112423810084 153.46989321501852
464.3136054902729 153.97620336946466
464.51595596257533 154.36743147158325
464.7182937949382 154.52382745302253
464.9206189843838 154.4118774412143
465.12293152793416 154.2415728142231
465.32523142261164 153.95457419032664
465.5275186654387 153.5419985495853
465.7297932534374 153.30443503341863
465.9320551836299 153.0758587498311
466.13430445303885 152.92952874223315
466.336541058686 152.76677876222132
466.5387649975941 152.55239651641622
466.7409762667851 152.22870651528976
466.94317486328123 151.94967818096322
467.14536078410504 151.98989084153393
467.3475340262784 152.3283441790271
467.5496945868239 152.75979173220898
467.7518424627637 153.06566054607032
467.95397765112 152.97918214817594
468.1561001489151 152.38222349298525
468.35820995317135 151.4369164007675
468.5603070609108 150.43545273293833
468.76239146915583 149.85109443617185
468.96446317492877 149.7425189529449
469.16652217525177 150.32662860807037
469.36856846714704 151.38071799963612
469.5706020476372 152.42248267175663
469.772622913744 153.2463674278036
469.97463106249 153.74629831414455
470.17662649089743 153.7263759819343
470.3786091959885 153.5121937715051
470.5805791747854 153.33983418932743
470.78253642431065 153.07673254475446
470.98448094158624 152.9747441899897
471.18641272363453 152.91353913788257
471.38833176747784 152.67204841038526
471.59023807013835 152.4887130698233
471.79213162863823 152.37473255593721
471.99401244 152.30138905753884
472.1958805012457 152.60901936550133
472.39773580939766 153.03840904470476
472.59957836147817 153.53647993542467
472.80140815450943 153.7960148812404
473.0032251855137 153.78122181064296
473.2050294515134 153.44562047362683
473.4068209495305 152.98196431509615
473.60859967658746 152.6661125136307
473.8103656297066 152.64644134403133
474.01211880590995 152.95301125317042
474.21385920221996 153.28123378078305
474.4155868156589 153.6501478864878
474.6173016432489 153.78588129208174
474.8190036820122 153.78822097494543
475.02069292897124 153.75000657542049
475.22236938114816 153.5242808097124
475.4240330355652 153.2185425344586
475.6256838892447 152.98851317981467
475.82732193920884 153.0041156726528
476.02894718247995 153.20791049511757
476.2305596160803 153.57970390118706
476.432159237032 154.03485940320152
476.63374604235753 154.32417531953695
476.83532002907907 154.67087927552888
477.0368811942187 154.8211064854853
477.2384295347989 154.72150207817347
477.43996504784195 154.48214579786386
477.6414877303699 154.07503787077795
477.84299757940516 153.66797223908767
478.04449459197 153.31399708055798
478.24597876508653 153.12448330391
478.4474500957773 153.0091159909387
478.6489085810643 153.02456155818086
478.85035421796977 153.20327471235663
479.0517870035163 153.40291978988716
479.25320693472577 153.57481790086345
479.4546140086206 153.57329882600325
479.65600822222314 153.37911567036633
479.85738957255546 153.00721934618602
480.05875805663993 152.62858526075144
480.26011367149897 152.32234530689828
480.4614564141545 152.1552079503657
480.66278628162894 152.19811872299942
480.86410327094467 152.36044082671225
481.06540737912377 152.52158830747817
481.2666986031885 152.50631783711992
481.46797694016135 152.3373212221579
481.66924238706434 152.12710322071803
481.87049494091974 152.02805315642428
482.0717345987501 152.08816113651017
482.27296135757723 152.34152632604804
482.4741752144236 152.7352840618621
482.6753761663117 153.291940185118
482.87656421026344 153.92051629708504
483.07773934330123 154.4606804191458
483.2789015624474 154.74952958488103
483.48005086472403 154.57691595202868
483.68118724715345 153.9355640721857
483.8823107067581 153.08214073013806
484.08342124056 152.36576771947173
484.28451884558143 151.95376104460436
484.48560351884487 151.84660147216516
484.68667525737237 151.92459441009214
484.8877340581862 152.00906037502304
485.0887799183088 152.1064579475273
485.28981283476213 152.29823382913227
485.4908328045687 152.42011586075034
485.6918398247508 152.39790379820283
485.8928338923304 152.2810406684449
486.09381500432994 152.0673369340267
486.29478315777186 151.90313410661506
486.49573834967805 151.76628436282587
486.69668057707105 151.4879416696268
486.89760983697306 151.0761375467987
487.0985261264063 150.45632839595172
487.2994294423929 150.0455763200847
487.50031978195545 150.0288976225266
487.70119714211586 150.44656391256942
487.9020615198966 151.14846317027843
488.10291291232005 151.8381753467663
488.3037513164081 152.27472256313106
488.5045767291832 152.30703018183817
488.70538914766774 152.18660063874094
488.9061885688838 151.9724759562353
489.1069749898537 151.95516576863486
489.3077484075998 152.13401878149332
489.50850881914414 152.55758867856932
489.70925622150907 153.1401968493885
489.909990611717 153.55956458067809
490.11071198678997 153.88942739992092
490.31142034375046 153.90939551711827
490.5121156796205 153.72740601475172
490.71279799142246 153.51438755573616
490.91346727617866 153.2504686854642
491.1141235309113 153.1420652588106
491.3147667526425 153.11534552368948
491.5153969383949 153.25345253665486
491.71601408519035 153.29749136504313
491.9166181900512 153.2001218995214
492.1172092500001 152.9008778007228
492.31778726205874 152.4288519482673
492.5183522232496 151.96772722344218
492.7189041305952 151.45562131939354
492.9194429811174 151.08153829065364
493.1199687718387 150.70036335483155
493.3204814997814 150.46180766454282
493.5209811619675 150.34588521841596
493.7214677554195 150.3197482502859
493.92194127715965 150.52337897289283
494.12240172420996 150.78909319841068
494.322849093593 151.01914603475356
494.52328338233093 151.02493522080752
494.72370458744587 150.79076873658855
494.92411270596017 150.39037618054127
495.12450773489627 150.0669078272668
495.32488967127614 149.97217518603318
495.5252585121222 149.94449069484895
495.7256142544568 149.92330643059788
495.9259568953019 149.69100591438573
496.12628643167994 149.3012104351152
496.3266028606134 148.84110212594447
496.52690617912407 148.42754077392348
496.72719638423456 148.20925383884784
496.9274734729671 148.23876830073246
497.12773744234374 148.52128206233195
497.3279882893869 149.02629181467537
497.52822601111893 149.61829922764252
497.7284506045619 150.01017049418186
497.9286620667381 150.04761020325427
498.12886039467 149.78837621544125
498.3290455853796 149.36242921987045
498.5292176358892 149.0631918114246
498.7293765432213 149.07341140018414
498.92952230439784 149.31553234608708
499.12965491644115 149.5757682583188
499.32977437637373 149.77898615403473
499.5298806812176 149.83675112892544
499.7299738279951 149.7549147230556
499.93005381372853 149.69915031887035
500.13012063544 149.68537315277106
500.33017429015183 149.68973864404293
500.53021477488653 149.6175625507306
500.73024208666595 149.52970912883058
500.9302562225126 149.43741856253826
501.13025717944873 149.51415566218654
501.33024495449655 149.6801334591993
501.5302195446783 149.85733090737384
501.7301809470164 149.9404449157111
501.93012915853274 149.91438706367566
502.13006417624996 149.83813070972124
502.32998599719025 149.7702766688168
502.52989461837564 149.82806302722432
502.7297900368287 150.05666454777153
502.9296722495714 150.31629513399423
503.1295412536262 150.53356506203752
503.3293970460154 150.63481249853405
503.52923962376104 150.53364905578655
503.7290689838855 150.36727435595085
503.92888512341113 150.22283021653573
504.12868803936004 150.07078381625342
504.3284777287545 149.96496048327455
504.5282541886169 149.9341462467902
504.72801741596936 149.82577907194693
504.9277674078342 149.64823981804497
505.1275041612338 149.37307248005786
505.3272276731902 149.10873486726868
505.5269379407257 148.89189393217714
505.7266349608627 148.73764930495608
505.9263187306234 148.66620046209687
506.12598924702996 148.5767130434721
506.32564650710486 148.40514839526446
506.52529050787007 148.17205039353712
506.72492124634806 147.97179719476603
506.9245387195611 147.81785139163603
507.12414292453127 147.86340924003613
507.3237338582809 148.03973784027795
507.52331151783244 148.18673253684256
507.72287590020795 148.27797689522984
507.92242700242963 148.1631980987823
508.12196482152 147.9444488715214
508.32148935450107 147.71007521187303
508.52100059839523 147.5626855258873
508.7204985502248 147.5805272842887
508.91998320701185 147.70685568803975
509.1194545657787 147.83264508464129
509.3189126235478 147.90684798339393
509.51835737734115 147.9556585244667
509.71778882418107 147.98543864592864
509.91720696109 148.07394285545158
510.11661178509 148.21499136317485
510.3160032932034 148.4037366768003
510.5153814824525 148.56042088923184
510.7147463498594 148.68271374380924
510.91409789244653 148.5719335289761
511.1134361072363 148.3321602464931
511.31276099125057 147.95305807732666
511.5120725415117 147.6485401735152
511.71137075504237 147.51573706555484
511.9106556288643 147.55056324834663
512.1099271599999 147.69336461163024
512.3091853454717 147.70725238069198
512.5084301823016 147.66171460401281
512.7076616675121 147.49631060356006
512.9068797981255 147.34241973675847
513.1060845711637 147.23242456622367
513.3052759836494 147.15369975536424
513.5044540326046 147.13499373634767
513.7036187150514 147.10324676015026
513.9027700280125 147.10394158516965
514.10190796851 147.13585691149876
514.3010325335661 147.24368196439954
514.5001437202029 147.38766664517183
514.6992415254429 147.55315400712036
514.8983259463082 147.70892079553693
515.0973969798213 147.79348870037188
515.2964546230043 147.84408083848643
515.4954988728792 147.83609215103817
515.6945297264688 147.75291687336374
515.8935471807948 147.62239522722544
516.09255123288 147.4546005034587
516.2915418797463 147.33203168298127
516.4905191184162 147.24861679782617
516.6894829459115 147.22567429969837
516.8884333592551 147.17665686304485
517.0873703554688 147.11452428721208
517.286293931575 146.93866914701158
517.4852040845959 146.77057109750095
517.6841008115539 146.70160772205028
517.8829841094712 146.74235328142203
518.0818539753701 147.00467659847794
518.2807104062726 147.2725205948951
518.4795533992012 147.43762482919175
518.6783829511784 147.36113757192146
518.8771990592257 147.13786586533564
519.0760017203662 146.73131143246715
519.2747909316219 146.34252303117768
519.4735666900146 146.1064647975417
519.672328992567 145.95679384877212
519.8710778363015 146.11207355324902
520.0698132182399 146.40946217904275
520.2685351354048 146.73755637585046
520.4672435848186 146.9317704483257
520.665938563503 147.01393083137646
520.8646200684806 146.94756294451528
521.0632880967737 146.8238172855096
521.2619426454046 146.69037245054488
521.4605837113953 146.45124397231598
521.6592112917684 146.20855128830902
521.8578253835457 145.98598766721767
522.0564259837499 145.80922991505665
522.2550130894033 145.61544296259473
522.4535866975276 145.40675044218378
522.6521468051457 145.2174366774021
522.8506934092795 145.085907036021
523.0492265069513 145.1268498115359
523.2477460951833 145.24518642931713
523.4462521709982 145.34670518042398
523.6447447314175 145.4053950694503
523.843223773464 145.37363212779263
524.04168929416 145.24913934599064
524.2401412905274 145.11767618885602
524.4385797595888 145.11596918589544
524.6370046983665 145.25746260825602
524.8354161038822 145.47689799725876
525.0338139731587 145.72113185033655
525.2321983032182 145.76998768738926
525.4305690910827 145.71203393730073
525.6289263337746 145.6405467490109
525.8272700283164 145.65071528469883
526.0256001717299 145.66449953182806
526.2239167610378 145.73187051363317
526.4222197932621 145.84987189908657
526.6205092654251 145.83535757569152
526.818785174549 145.86775030323017
527.0170475176564 145.80769613995528
527.2152962917689 145.6957559912091
527.4135314939094 145.58727851859572
527.6117531210999 145.61153326611253
527.8099611703626 145.6346206182925
528.00815563872 145.6902670434916
528.2063365231942 145.75481915085263
528.4045038208072 145.75149591452802
528.6026575285819 145.82123444584803
528.8007976435398 145.98405228499416
528.9989241627037 146.18704000210477
529.1970370830958 146.35891289986077
529.3951364017381 146.43935033497078
529.5932221156531 146.37724517629093
529.791294221863 146.24058117102183
529.98935271739 146.14935986674044
530.1873975992563 146.1038758240797
530.3854288644845 146.06157944679347
530.5834465100965 146.02180717113842
530.7814505331146 145.88347233915778
530.9794409305613 145.67204424650018
531.1774176994585 145.51957908679518
531.3753808368288 145.42584057513932
531.5733303396944 145.37464512554138
531.7712662050773 145.37089611255928
531.9691884299999 145.31351352524942
532.1670970114848 145.22607018975137
532.3649919465537 145.17280062036988
532.5628732322291 145.18564460403823
532.7607408655335 145.24931149944769
532.9585948434888 145.3497290852095
533.1564351631173 145.44644786687252
533.3542618214416 145.51215092381028
533.5520748154835 145.48793553638126
533.7498741422655 145.40031462402996
533.94765979881 145.31894891135644
534.145431782139 145.21681808986318
534.3431900892749 145.18865113343347
534.5409347172399 145.19527752750463
534.7386656630563 145.2664841232583
534.9363829237462 145.34779643600154
535.1340864963322 145.45994053806987
535.3317763778361 145.52765019118885
535.5294525652806 145.498781948606
535.7271150556879 145.43882547721032
535.9247638460799 145.38483024314732
536.1223989334793 145.38447973480942
536.3200203149081 145.44834240064063
536.5176279873886 145.6370553946375
536.7152219479431 145.79433369628214
536.9128021935938 145.8927331346077
537.1103687213629 145.92986422609656
537.3079215282728 145.824107800173
537.5054606113459 145.74084925215806
537.7029859676041 145.66530596021022
537.90049759407 145.61356641632352
538.0979954877656 145.57127516944408
538.2954796457133 145.58596682940296
538.4929500649354 145.53814169115333
538.6904067424539 145.55373991108902
538.8878496752912 145.6281850453075
539.0852788604699 145.73912359547603
539.2826942950117 145.90340394216383
539.4800959759391 145.9829550086975
539.6774839002745 145.91883006793054
539.87485806504 145.79926817606193
540.0722184672579 145.78111083893822
540.2695651039505 145.7791252323799
540.4668979721399 145.80150517356788
540.6642170688486 145.6965186819387
540.8615223910988 145.46332279027936
541.0588139359126 145.27086053877795
541.2560917003123 145.24607465115244
541.4533556813203 145.2962517839866
541.6506058759587 145.37657446711307
541.84784228125 145.31966398608466
542.0450648942162 145.12665958058423
542.2422737118796 144.8301690013295
542.4394687312625 144.5967320646713
542.6366499493876 144.51236026347922
542.8338173632762 144.59168851562808
543.0309709699513 144.72287497581183
543.2281107664351 144.76338514744404
543.4252367497495 144.71678801112537
543.6223489169171 144.53082990281422
543.81944726496 144.44698703336596
544.0165317909006 144.52747488883637
544.2136024917609 144.82219241727685
544.4106593645635 145.22544853940136
544.6077024063303 145.5518278860336
544.8047316140837 145.7337428784831
545.0017469848461 145.650552032356
545.1987485156397 145.52489435279927
545.3957362034866 145.35066559379842
545.5927100454094 145.29945058411852
545.78967003843 145.31563146640312
545.9866161795708 145.3593672814475
546.1835484658542 145.39774224946564
546.380466894302 145.32882035483485
546.577371461937 145.1819334676143
546.7742621657812 144.98997455757953
546.971139002857 144.85986990015448
547.1680019701864 144.74291250968977
547.3648510647919 144.70549408012891
547.5616862836956 144.74076396083183
547.75850762392 144.80424747079863
547.9553150824871 144.92699880842935
548.1521086564193 145.0568409714299
548.3488883427387 145.06724952610296
548.5456541384679 145.0451767181866
548.7424060406287 144.9592645576616
548.9391440462437 144.9179001503123
549.1358681523351 144.92177776999668
549.3325783559251 144.89457950814943
549.5292746540359 144.7556837775132
549.72595704369 144.62908198610657
549.9226255219094 144.5340487074647
550.1192800857164 144.537219790843
550.3159207321335 144.67716111631643
550.5125474581826 144.8670847250494
550.7091602608863 145.01755919966794
550.9057591372666 145.0755976482155
551.1023440843459 145.04309432884375
551.2989150991464 144.82438441832102
551.4954721786903 144.6229055536092
551.69201532 144.45228680309518
551.8885445200978 144.47031964323403
552.0850597760057 144.5695736279599
552.2815610847462 144.7897093191395
552.4780484433415 145.02489221048683
552.6745218488137 145.23574155293912
552.8709812981854 145.5043277477237
553.0674267884785 145.75652695769978
553.2638583167155 145.95587419121145
553.4602758799185 146.06636603855827
553.65667947511 146.15268935796746
553.8530690993119 146.10231091955927
554.0494447495469 146.02793453913546
554.2458064228368 145.86908213775646
554.4421541162043 145.57793320992843
554.6384878266712 145.23050787175816
554.8348075512602 144.97484756120508
555.0311132869932 144.82348343179396
555.2274050308927 144.89249507310134
555.4236827799809 145.09236678907874
555.61994653128 145.27283036844142
555.8161962818123 145.33196113240874
556.0124320286002 145.21588139150657
556.2086537686655 144.96287672066455
556.404861499031 144.59624071762173
556.6010552167188 144.34385206111332
556.797234918751 144.2534496172693
556.9934006021499 144.41704035121558
557.189552263938 144.69335479660901
557.3856899011372 144.9687347562284
557.58181351077 145.1539494516649
557.7779230898586 145.23933906888507
557.9740186354253 145.3107020991176
558.1701001444923 145.29015246856483
558.3661676140819 145.310989839269
558.5622210412162 145.32312912788007
558.7582604229177 145.44287893183443
558.9542857562086 145.65769117333164
559.1502970381111 145.90245160329027
559.3462942656474 146.08543923794792
559.54227743584 146.12245635593843
559.7382465457109 146.04873106265757
559.9342015922824 145.82566995672786
560.1301425725769 145.56800346222886
560.3260694836166 145.35613164594275
560.5219823224237 145.18483795554624
560.7178810860206 145.08477400017202
560.9137657714293 144.95735125573842
561.1096363756723 144.8478560816606
561.3054928957719 144.7478238916169
561.50133532875 144.7210658316315
561.6971636716291 144.78037268247002
561.8929779214317 144.90381471922404
562.0887780751797 145.0409301474646
562.2845641298954 145.16456135961576
562.4803360826013 145.27485722706714
562.6760939303193 145.26846441996443
562.8718376700721 145.16470718296873
563.0675672988815 145.01755150482302
563.26328281377 144.90552997294205
563.45898421176 144.8248981933867
563.6546714898735 144.877258610092
563.8503446451329 144.97580374164716
564.0460036745604 145.09459327679343
564.2416485751783 145.20039940161396
564.4372793440087 145.3300574867501
564.6328959780741 145.40390506749551
564.8284984743967 145.38994452677906
565.0240868299987 145.36717953867046
565.2196610419024 145.28681981826554
565.41522110713 145.1561564057642
565.6107670227037 145.04204525824207
565.8062987856462 144.89258464154577
566.0018163929791 144.62218324564353
566.197319841725 144.32638592265667
566.3928091289063 144.07651686528487
566.5882842515449 143.888318579317
566.7837452066634 143.8155626347488
566.979191991284 143.88084682881836
567.1746246024287 144.05332889995427
567.37004303712 144.26803869368732
567.5654472923802 144.503471169871
567.7608373652313 144.6734056227299
567.9562132526958 144.76896550822678
568.1515749517959 144.82816956229993
568.3469224595538 144.89773590660224
568.5422557729917 144.9405309056717
568.7375748891321 144.87958775718712
568.9328798049971 144.80211382297364
569.128170517609 144.6832475413325
569.3234470239901 144.64754636643184
569.5187093211624 144.6948056969821
569.7139574061484 144.83885121631266
569.9091912759706 144.9727833669996
570.1044109276506 145.10309514210516
570.2996163582112 145.17092627396227
570.4948075646745 145.14850060509275
570.6899845440628 145.06583534419218
570.8851472933983 144.9647306781015
571.0802958097033 144.87597101482197
571.27543009 144.79848793409613
571.4705501313107 144.81421702583208
571.6656559306577 144.79662928822063
571.8607474850633 144.7892146186652
572.0558247915493 144.73643954799726
572.2508878471388 144.6735108129653
572.4459366488533 144.59449783737975
572.6409711937155 144.51571581593424
572.8359914787475 144.40170171598638
573.0309975009716 144.32490627494244
573.2259892574099 144.2213131980085
573.420966745085 144.08499994568297
573.6159299610189 143.971610458985
573.810878902234 143.867059905099
574.0058135657523 143.77952018733845
574.2007339485962 143.81915137386278
574.3956400477882 143.9701225515176
574.5905318603503 144.09519256258784
574.7854093833047 144.2786832661793
574.9802726136738 144.384296260705
575.17512154848 144.37455388611863
575.3699561847453 144.2626668343724
575.564776519492 144.080652115133
575.7595825497426 143.84003540026416
575.9543742725191 143.66401675365364
576.1491516848438 143.64674841844916
576.343914783739 143.78348390280127
576.538663566227 144.06632619442436
576.7333980293299 144.32580202709613
576.9281181700702 144.47961753149403
577.12282398547 144.41786669621325
577.3175154725516 144.25250595480412
577.5121926283373 144.00952641176684
577.7068554498493 143.81659189207446
577.9015039341099 143.816643555466
578.0961380781412 143.90588711895754
578.2907578789657 144.01628077287396
578.4853633336056 144.07998574796187
578.6799544390832 144.07203596841396
578.8745311924205 143.9939181448589
579.06909359064 143.92659230937795
579.2636416307639 143.84037683067686
579.4581753098145 143.67434526921366
579.652694624814 143.54802832226756
579.8471995727846 143.37448626881823
580.0416901507488 143.28184231841203
580.2361663557285 143.18968766118743
580.4306281847463 143.219295547918
580.6250756348243 143.2800000089954
580.8195087029848 143.34350122117547
581.01392738625 143.40949018113184
581.2083316816422 143.4749635630831
581.4027215861837 143.6138422316368
581.5970970968967 143.77940631614302
581.7914582108034 144.01485239543845
581.9858049249262 144.04439926106008
582.1801372362874 143.98368821568081
582.3744551419089 143.67662699292305
582.5687586388135 143.3586486487839
582.7630477240231 143.04424840900256
582.9573223945599 142.94573331799631
583.1515826474466 142.9558739559659
583.3458284797049 142.99853413402107
583.5400598883573 143.04719754357112
583.7342768704262 142.97395714241168
583.9284794229337 142.88167891368496
584.1226675429021 142.85560635692352
584.3168412273537 143.0215151966244
584.5110004733107 143.29476216112954
584.7051452777953 143.72616047511218
584.89927563783 144.1006859416894
585.0933915504368 144.301614212954
585.2874930126379 144.27923644156238
585.481580021456 144.04337790095818
585.675652573913 143.659910770909
585.8697106670313 143.2748500600135
586.0637542978329 143.02829430630942
586.2577834633404 142.89383555170562
586.4517981605759 142.8204117143133
586.6457983865618 142.7429856814798
586.8397841383199 142.58786181066637
587.0337554128731 142.37445466739808
587.2277122072433 142.27138506156055
587.4216545184527 142.31327159957362
587.6155823435239 142.45788243082833
587.8094956794787 142.62992142211797
588.0033945233397 142.74963552356388
588.1972788721291 142.7537906118355
588.391148722869 142.6908438414599
588.5850040725819 142.56945247198297
588.7788449182901 142.31339158448833
588.9726712570153 142.07027220856696
589.1664830857804 141.79417606134905
589.3602804016075 141.60877021147823
589.5540632015186 141.43193824356035
589.7478314825362 141.32789054679168
589.9415852416827 141.27553595372493
590.1353244759798 141.3377756831857
590.3290491824503 141.53129314203716
590.5227593581163 141.677244389021
590.716455 141.832979355564
590.9101361051237 141.8629935184243
591.1038026705097 141.88936738161217
591.2974546931802 141.9007757200282
591.4910921701575 141.99974561036456
591.6847150984638 142.0993300815541
591.8783234751213 142.19731078647
592.0719172971525 142.29358255558373
592.2654965615795 142.32711599793024
592.4590612654246 142.27740729114467
592.65261140571 142.2022168053796
592.846146979458 142.05484374710795
593.0396679836908 141.9026086299668
593.2331744154308 141.6669917423773
593.4266662717002 141.37659445341717
593.6201435495212 141.02580485908496
593.8136062459162 140.78112093971214
594.0070543579072 140.7854060865585
594.2004878825168 141.03048783005707
594.3939068167668 141.4165922605611
594.58731115768 141.68527283773608
594.7807009022783 141.84336013471045
594.974076047584 141.7625162258067
595.1674365906196 141.66199743017378
595.360782528407 141.41680998107117
595.5541138579687 141.16825106719102
595.7474305763269 140.92648095740904
595.9407326805039 140.78765202465144
596.1340201675218 140.79823820191731
596.3272930344032 140.89540393371988
596.52055127817 140.97069839016766
596.7137948958446 140.87811326999974
596.9070238844492 140.72844870903987
597.1002382410062 140.43447585570303
597.2934379625378 140.19027289213994
597.4866230460663 139.98051262052547
597.6797934886138 139.69551512186973
597.8729492872027 139.42507522500804
598.0660904388552 139.11741694432652
598.2592169405934 138.90981962245496
598.45232878944 138.9464578323406
598.6454259824169 139.12719153833285
598.8385085165464 139.373995667746
599.031576388851 139.53703926735275
599.2246295963525 139.5590654790319
599.4176681360738 139.46376533557412
599.6106920050365 139.44813644787678
599.8037012002634 139.4394693619371
599.9966957187763 139.42308815436348
600.1896755575979 139.40001029064385
600.3826407137501 139.2895110852191
600.5755911842551 139.26255894884596
600.7685269661357 139.3753997406312
600.9614480564136 139.51195467317518
601.1543544521114 139.7556506505498
601.3472461502513 139.8847685206181
601.5401231478554 139.91988746253577
601.732985441946 139.80872538580965
601.9258330295456 139.64836177522832
602.118665907676 139.5068180721833
602.3114840733599 139.52274264431148
602.5042875236195 139.7224438539226
602.6970762554769 139.9269519196277
602.8898502659544 140.2106628965627
603.0826095520742 140.3955247628333
603.2753541108588 140.54154211061385
603.4680839393302 140.5844905072626
603.6607990345108 140.5395469044071
603.8534993934227 140.4252527510231
604.0461850130883 140.27354600460677
604.23885589053 140.15803846003107
604.4315120227699 139.95296202740923
604.62415340683 139.6380652978674
604.8167800397332 139.27740867543213
605.009391918501 139.01002769846798
605.2019890401563 138.92490344672413
605.3945714017209 138.98211542235785
605.5871390002175 139.17596655579285
605.7796918326678 139.23919446766968
605.9722298960947 139.25607581403793
606.16475318752 139.2133377380685
606.3572617039661 139.1550614315505
606.5497554424553 139.1129679384166
606.7422344000097 139.09381003840616
606.9346985736519 139.0842209795238
607.1271479604038 139.04983121439162
607.3195825572877 139.11966405551286
607.512002361326 139.19153658409437
607.7044073695412 139.251782996395
607.896797578955 139.0769486345157
608.08917298659 138.8080052363475
608.2815335894684 138.50029092789137
608.4738793846125 138.30770979740947
608.6662103690444 138.31272135916885
608.8585265397867 138.42195227321315
609.0508278938612 138.50928130626275
609.2431144282906 138.47130222596377
609.4353861400969 138.32176852523853
609.6276430263023 137.92839264332554
609.8198850839293 137.46170808232316
610.01211231 137.00184276603883
610.2043247015366 136.70061053499978
610.3965222555618 136.6062870511983
610.5887049690972 136.80429316307385
610.7808728391653 137.188991721299
610.9730258627887 137.56397216005772
611.1651640369894 137.9146732256432
611.3572873587894 138.15803340752316
611.5493958252116 138.29111014284106
611.7414894332776 138.38741009464658
611.93356818001 138.50038419676443
612.1256320624311 138.50043405840367
612.317681077563 138.53517944085954
612.5097152224278 138.63930730219258
612.7017344940483 138.73594393717167
612.8937388894462 138.83501940228973
613.0857284056442 138.89241468984855
613.2777030396643 138.9303141039757
613.4696627885287 139.00448610328013
613.6616076492598 139.10298855859554
613.8535376188801 139.14338638433895
614.0454526944113 139.0513988539413
614.237352872876 138.8392683617671
614.4292381512965 138.54434226242805
614.621108526695 138.23387411600393
614.8129639960938 137.84854352429747
615.004804556515 137.54107861263768
615.1966302049809 137.35916670695835
615.3884409385139 137.3293160995013
615.5802367541362 137.4317941202367
615.77201764887 137.51466136118452
615.9637836197376 137.47111846573907
616.1555346637613 137.2783880358722
616.3472707779632 137.03695570044007
616.5389919593658 136.84683425632332
616.7306982049913 136.8168251700583
616.9223895118616 136.8975395187899
617.1140658769996 137.04967335886897
617.3057272974271 137.24959785859676
617.4973737701665 137.44226739193252
617.6890052922399 137.60765202886236
617.88062186067 137.69450114001543
618.0722234724784 137.62404460317236
618.2638101246879 137.34491718828565
618.4553818143206 137.0104666536455
618.6469385383987 136.59538554305843
618.8384802939445 136.26348273857462
619.0300070779804 136.0084557924575
619.2215188875283 135.76128259911258
619.4130157196107 135.59170986919577
619.60449757125 135.42681845512826
619.7959644394682 135.38464659972342
619.9874163212876 135.2780836752238
620.1788532137307 135.32929027723983
620.3702751138194 135.2560677624898
620.5616820185762 135.22978573272601
620.7530739250233 135.30186138075305
620.944450830183 135.49485789845906
621.1358127310775 135.75211631485678
621.3271596247291 136.04310265142232
621.51849150816 136.31281572448677
621.7098083783925 136.3484336920921
621.9011102324488 136.28495036289857
622.0923970673514 136.04002633611438
622.2836688801223 135.5976741174143
622.4749256677837 135.0648969111125
622.6661674273582 134.54659097307794
622.8573941558677 134.02582654602097
623.0486058503348 133.76757929588547
623.2398025077813 133.804436101292
623.4309841252301 134.14015620881435
623.6221506997028 134.57914398715675
623.813302228222 135.00532284271762
624.0044387078101 135.18918086065878
624.195560135489 135.19072573212108
624.3866665082812 135.0542770872901
624.577757823209 134.81787855086196
624.7688340772944 134.55241557004732
624.9598952675599 134.3655388361337
625.1509413910277 134.32059057174388
625.34197244472 134.43961460121255
625.532988425659 134.6922016771431
625.7239893308673 134.88061383525593
625.9149751573668 134.97647895907767
626.1059459021798 135.00366782558697
626.2969015623288 135.05727324813094
626.4878421348358 135.23258401710174
626.6787676167231 135.45547035380923
626.8696780050132 135.61158492292682
627.060573296728 135.5775277556275
627.2514534888899 135.4120172948215
627.4423185785214 135.22081460196767
627.6331685626444 135.13294955241523
627.8240034382815 135.23059779787476
628.0148232024546 135.46154335124703
628.2056278521862 135.7562554802932
628.3964173844985 135.76372279455651
628.5871917964139 135.44854177951694
628.7779510849542 134.77512067327814
628.9686952471423 133.90583854860614
629.1594242799999 133.25412779253998
629.3501381805497 132.914072342143
629.5408369458137 132.83723982504586
629.7315205728142 132.88592450581288
629.9221890585734 132.99643401176786
630.1128424001138 133.0032848858102
630.3034805944574 133.14333777241288
630.4941036386266 133.45997575283062
630.6847115296434 133.85080939294102
630.8753042645305 134.34211602510706
631.0658818403099 134.70965542215612
631.2564442540039 134.8812641591665
631.4469915026349 134.9236090300136
631.6375235832248 134.92116948601202
631.8280404927964 134.85853520342133
632.0185422283713 134.80846373995152
632.2090287869721 134.76885281560968
632.3995001656214 134.70017538161866
632.5899563613408 134.63694296201703
632.780397371153 134.4867442054703
632.97082319208 134.14926311633963
633.1612338211443 133.74010551496497
633.351629255368 133.30215415115265
633.5420094917736 132.93642290428159
633.732374527383 132.52865246108306
633.9227243592187 132.18544360514176
634.113058984303 131.73396227357594
634.303378399658 131.34912584123265
634.4936826023059 131.10411309500444
634.6839715892693 131.02795527289612
634.8742453575701 131.17122126784253
635.0645039042306 131.47045093326435
635.2547472262733 131.8693948357029
635.4449753207202 132.093572800684
635.6351881845937 132.1816094190111
635.8253858149162 131.9965500874889
636.0155682087097 131.7434713546304
636.2057353629966 131.44329772331298
636.3958872747992 131.35972555802311
636.5860239411395 131.42082636147515
636.77614535904 131.67068367724113
636.9662515255229 132.0489907995827
637.1563424376105 132.345814060893
637.3464180923249 132.49977482792667
637.5364784866887 132.51031954769377
637.7265236177237 132.4440308041151
637.9165534824525 132.32652300544115
638.1065680778974 132.25226936147413
638.2965674010803 132.1144440937731
638.4865514490238 131.92457569411746
638.67652021875 131.78256324506572
638.8664737072812 131.7486138152382
639.0564119116395 131.782605203259
639.2463348288477 131.88676354923973
639.4362424559274 131.99231873035743
639.6261347899012 132.0409884088678
639.8160118277914 131.9774294379709
640.00587356662 131.82887499555582
640.1957200034095 131.563311543128
640.385551135182 131.3276315370372
640.57536695896 131.2343661303631
640.7651674717655 131.23531553391305
640.9549526706209 131.31122413449347
641.1447225525483 131.34955764564302
641.3344771145702 131.25255203256012
641.5242163537088 131.13913937061963
641.7139402669861 130.87094933956402
641.9036488514247 130.6109335225504
642.0933421040468 130.3521927176453
642.2830200218743 130.10585400814566
642.4726826019299 130.01221388631805
642.6623298412359 130.00369055918821
642.8519617368141 130.1802473394719
643.041578285687 130.25878152570724
643.231179484877 130.34543479622795
643.4207653314062 130.1260328519186
643.6103358222971 129.92141906541292
643.7998909545714 129.60128786383675
643.9894307252519 129.34062555830886
644.1789551313608 129.19312808618773
644.36846416992 128.97671134757925
644.5579578379521 128.9706315675925
644.7474361324793 129.06963287853287
644.9368990505237 129.29413677637118
645.1263465891078 129.57816124304583
645.3157787452537 129.88545769843608
645.5051955159837 130.29156637630268
645.69459689832 130.8180742521491
645.8839828892851 131.42249992803696
646.073353485901 131.85583868995937
646.26270868519 132.08125375008592
646.4520484841745 132.12874010852636
646.6413728798765 131.99398116416003
646.8306818693185 131.77447558883816
647.0199754495227 131.31442749567927
647.2092536175113 130.8201752532231
647.3985163703065 130.34657041587212
647.5877637049309 130.0697930206592
647.7769956184063 130.01574410304687
647.9662121077553 130.2089201140436
648.15541317 130.56345174653688
648.3445988021627 131.05311993942388
648.5337690012657 131.39849212702418
648.7229237643312 131.6240918422667
648.9120630883814 131.6446686290014
649.1011869704387 131.47342020360887
649.2902954075254 131.21798755016383
649.4793883966636 130.93589977477976
649.6684659348755 130.6348654354982
649.8575280191836 130.20001497026038
650.04657464661 129.7263171214001
650.235605814177 128.93515629663932
650.424621518907 128.42316154128358
650.6136217578219 128.24141462920116
650.8026065279441 128.63892378523136
650.9915758262963 129.43177636035355
651.1805296499001 130.3779650134262
651.3694679957781 131.08545576905468
651.5583908609527 131.47207028992077
651.7472982424458 131.66039764624185
651.9361901372799 131.64426524746852
652.1250665424773 131.7174669602567
652.3139274550601 131.75131395219793
652.5027728720505 131.82490342495223
652.691602790471 131.70138327671938
652.8804172073437 131.32853414997584
653.069216119691 130.65228858612275
653.257999524535 129.83529674179542
653.4467674188979 129.15050363394178
653.6355197998021 128.8406776665332
653.82425666427 128.93704517656653
654.0129780093235 129.18006851278827
654.2016838319853 129.32687897188814
654.3903741292773 129.3308546813931
654.5790488982218 129.21873542758914
654.7677081358413 129.1819015604772
654.9563518391577 129.2551511940111
655.1449800051936 129.41007542959585
655.3335926309712 129.45590273781895
655.5221897135125 129.45300189400922
655.7107712498399 129.35601014425418
655.899337236976 129.42979943849025
656.0878876719424 129.57433625376476
656.2764225517619 129.6671369958035
656.4649418734567 129.69284629892812
656.6534456340488 129.4546079428071
656.8419338305605 129.04075114218082
657.0304064600144 128.60256980859313
657.2188635194324 128.38607614326492
657.4073050058367 128.3964066894586
657.5957309162501 128.93167611115032
657.7841412476943 129.6854020916361
657.9725359971916 130.36404955446386
658.1609151617647 130.7613261698964
658.3492787384355 130.74182555809753
658.5376267242262 130.50925382840154
658.7259591161594 130.2171157710183
658.914275911257 130.20961448124086
659.1025771065415 130.37525911310541
659.2908626990352 130.82254176942445
659.4791326857601 131.1114574075508
659.6673870637385 131.1221369058458
659.8556258299927 130.870381043654
660.0438489815454 130.42289544582616
660.2320565154182 130.17860060172958
660.4202484286337 129.99982191492654
660.6084247182142 130.2026661523577
660.7965853811817 130.41090110446007
660.9847304145586 130.92808606043818
661.1728598153674 131.47521769985804
661.3609735806299 131.66910515905434
661.5490717073686 131.4293557505196
661.7371541926061 130.65076254417008
661.9252210333641 129.7948947750712
662.1132722266649 129.05919534522812
662.3013077695313 128.83638520878787
662.489327658985 128.80124731682022
662.6773318920483 128.74782095460225
662.8653204657439 128.72803216448423
663.0532933770936 128.6393802335743
663.24125062312 128.80911254017394
663.4291922008451 129.1248607667993
663.6171181072913 129.4328902981744
663.8050283394807 129.40825736417477
663.9929228944359 129.05115227503077
664.1808017691786 128.53265271548193
664.3686649607318 127.98186090003036
664.5565124661172 127.64695895436707
664.744344282357 127.32560690078175
664.932160406474 126.95318411795036
665.11996083549 126.55620304092805
665.3077455664273 126.21210278609347
665.4955145963086 125.96513579122255
665.6832679221554 125.93325178838292
665.8710055409905 126.21100120919685
666.0587274498363 126.64914627694701
666.2464336457145 127.24868485955038
666.4341241256477 127.66994440938029
666.6217988866583 127.93258934023314
666.8094579257682 128.1699011547941
666.9971012399999 128.5613113123476
667.1847288263757 129.03559638440603
667.3723406819176 129.36797637605622
667.559936803648 129.24444581852035
667.7475171885894 128.7319093037044
667.9350818337638 128.09470425769658
668.1226307361933 127.4289828783336
668.3101638929005 127.16209658064706
668.4976813009075 127.06463924066962
668.6851829572365 127.167652443779
668.87266885891 127.37720013404481
669.06013900295 127.65150006640538
669.2475933863788 127.95557187831986
669.4350320062189 128.2537792308121
669.6224548594922 128.60718811974164
669.8098619432211 128.68432677404135
669.9972532544282 128.44524790508368
670.1846287901352 127.91542954861848
670.3719885473646 127.47164360715853
670.5593325231389 127.22482699286984
670.74666071448 127.35365442019727
670.9339731184102 127.7997851625376
671.121269731952 128.00925413552312
671.3085505521275 127.89706801502943
671.4958155759589 127.54187889011024
671.6830648004687 126.92855817382193
671.8702982226789 126.3817046722276
672.0575158396119 126.14054273792178
672.2447176482899 126.076035601866
672.4319036457351 126.07548371487957
672.6190738289699 126.12208179704513
672.8062281950165 126.20397644038815
672.9933667408973 126.2379617328423
673.1804894636342 126.45217653197811
673.3675963602499 126.75496171385309
673.5546874277662 127.079253332008
673.7417626632057 127.52172759571265
673.9288220635907 127.69072137699858
674.1158656259431 127.75332145742921
674.3028933472855 127.88766609857305
674.48990522464 128.14360816990435
674.6769012550288 128.462471974438
674.8638814354745 128.64230010771576
675.050845762999 128.53422539254592
675.2377942346246 127.8043611509704
675.4247268473737 126.9152460249795
675.6116435982685 125.85651064423826
675.7985444843313 124.94235797083893
675.9854295025843 124.26489379467414
676.1722986500498 123.95116727031304
676.35915192375 123.98940317881384
676.5459893207072 124.19521532627827
676.7328108379436 124.53227943519363
676.9196164724816 124.65982045141072
677.1064062213435 124.5676137486439
677.2931800815512 124.29057384679847
677.4799380501273 124.21107556114394
677.666680124094 124.47643431879197
677.8534063004735 124.79349543134917
678.040116576288 125.14204300351095
678.22681094856 125.42413400586759
678.4134894143115 125.37530440240532
678.6001519705649 125.13751417562007
678.7867986143424 124.75117310376538
678.9734293426661 124.34665611306504
679.1600441525586 124.04167553336724
679.3466430410422 124.02654343512287
679.5332260051387 123.92862412215635
679.7197930418706 123.78405774000959
679.9063441482604 123.22972959065662
680.09287932133 122.52044589994493
680.2793985581018 122.10892704153265
680.4659018555981 121.95118863055608
680.652389210841 122.10751197999419
680.838860620853 122.32692147174512
681.0253160826562 122.33209660398143
681.211755593273 122.10798984833269
681.3981791497254 122.31489536792166
681.584586749036 122.8151688128226
681.7709783882267 123.79651726198503
681.9573540643199 125.37424168813962
682.1437137743382 126.77703706805735
682.3300575153032 128.17654375416322
682.5163852842377 129.1124627076504
682.7026970781639 129.56488935726634
682.8889928941038 129.4409279991146
683.0752727290796 128.82124912903296
683.2615365801141 127.54799907761753
683.447784444229 126.05176082756233
683.6340163184469 124.98305524967112
683.82023219979 124.33755834843139
684.0064320852804 124.35500077132255
684.1926159719403 124.54292601750024
684.3787838567924 124.6998772689607
684.5649357368586 124.66151588702039
684.7510716091612 124.52697552491352
684.9371914707225 124.59732637064246
685.1232953185647 124.94943122985191
685.3093831497102 125.29943089937447
685.4954549611813 126.03691349853176
685.6815107499999 126.40856930442868
685.8675505131888 126.41207337487232
686.0535742477697 126.02944949448941
686.2395819507651 125.24471805382748
686.4255736191975 124.22639326242592
686.6115492500887 123.28670983186083
686.7975088404613 122.37363323652151
686.9834523873375 121.41554453695011
687.1693798877395 120.81068019696254
687.3552913386895 120.81610490944854
687.54118673721 121.34029851571064
687.727066080323 122.00821721974367
687.9129293650508 122.1890069826821
688.0987765884158 121.79171285296401
688.2846077474402 121.26244855990662
688.4704228391462 121.1652358463462
688.6562218605561 121.39891166692986
688.8420048086922 121.57194862398788
689.0277716805767 121.54144772935825
689.2135224732319 121.24280437617658
689.39925718368 121.34731615970537
689.5849758089432 122.26028229969072
689.7706783460441 123.54032348448474
689.9563647920046 124.52563328428182
690.142035143847 125.02433623228177
690.3276893985937 124.76320840059911
690.513327553267 124.3774048039436
690.6989496048889 123.58213349331814
690.8845555504819 122.54224372363804
691.0701453870681 121.27705128625756
691.2557191116699 119.7381295866465
691.4412767213096 118.5101754008555
691.6268182130093 118.06959554975388
691.8123435837912 118.26749390343161
691.9978528306779 119.03820208248221
692.1833459506912 120.10436913788716
692.3688229408536 120.68153120073141
692.5542837981876 120.67741603878913
692.7397285197151 120.50118337431434
692.9251571024585 120.34596899383286
693.11056954344 120.82515205054291
693.2959658396818 121.88888675424413
693.4813459882064 123.13601723932082
693.6667099860359 124.53468361716881
693.8520578301926 125.69791475287046
694.0373895176987 126.83012922977646
694.2227050455766 127.72444874807493
694.4080044108483 127.90668995474195
694.5932876105362 127.26781027283894
694.7785546416627 126.40398578421521
694.9638055012499 125.20296104288659
695.1490401863201 124.119031350807
695.3342586938957 123.33571882841441
695.5194610209986 122.25757495787734
695.7046471646513 121.34835546006809
695.8898171218763 120.669820248164
696.0749708896954 119.90952261802781
696.2601084651309 119.23533710826142
696.4452298452055 118.89909057064337
696.630335026941 118.9837071459647
696.81542400736 119.48453509077916
697.0004967834846 120.66934628431444
697.1855533523368 122.14726870100513
697.3705937109394 123.61824142454337
697.5556178563143 124.75095303866104
697.7406257854838 125.22495484158833
697.9256174954702 125.16092233060044
698.1105929832958 124.823724860981
698.2955522459827 124.54756331242577
698.4804952805534 124.02885968259184
698.66542208403 123.05228125374181
698.8503326534347 121.69348772058157
699.0352269857901 120.62975966768141
699.2201050781181 120.04758505090302
699.404966927441 120.09136474166714
699.5898125307813 120.39606828061747
699.7746418851609 120.42017311614451
699.9594549876024 120.05861477252027
700.1442518351279 119.87580400051874
700.3290324247597 119.80048606266135
700.51379675352 119.99807406016913
700.6985448184312 120.60059720075265
700.8832766165153 120.89819439609008
701.0679921447946 121.29008448617148
701.2526914002918 121.82296814335275
701.4373743800288 122.66529443228099
701.6220410810276 123.52076723373338
701.8066915003111 124.24028623683093
701.991325634901 124.49213216219704
702.1759434818199 124.43432980204709
702.36054503809 124.54365498502143
702.5451303007334 124.69797639327408
702.7296992667724 125.102144169872
702.9142519332295 125.28306718775781
703.0987882971266 125.84532486845046
703.2833083554862 126.45286803537151
703.4678121053306 126.9051510505915
703.6522995436818 126.86203336844085
703.8367706675623 125.88943508083487
704.0212254739943 124.41482723864146
704.2056639599999 122.80693381776676
704.3900861226016 121.49229608816246
704.5744919588217 120.5078020136311
704.7588814656822 119.88054381866168
704.9432546402054 119.54356099941619
705.1276114794138 119.40675621249605
705.3119519803294 119.45558989520349
705.4962761399744 119.3415404905861
705.6805839553715 119.25410369780279
705.8648754235426 119.05951483267675
706.0491505415099 119.13346479389874
706.233409306296 119.44440761741818
706.4176517149228 119.76546523044557
706.6018777644127 119.79041695322483
706.7860874517883 119.21140797945489
706.9702807740712 118.13577870850543
707.154457728284 117.31516456818602
707.3386183114493 117.26963485563886
707.5227625205887 117.56929872613762
707.7068903527248 118.829605240192
707.89100180488 120.00889160336217
708.0750968740763 120.83284280348389
708.2591755573361 120.85521975205728
708.4432378516815 119.75319838980818
708.6272837541351 118.29377294053212
708.8113132617187 116.66640119792079
708.9953263714549 115.95680011658754
709.1793230803659 116.42009757410017
709.363303385474 117.98726700657447
709.5472672838011 119.56504503328608
709.73121477237 120.99621678663789
709.9151458482027 121.63674556634922
710.0990605083213 121.73779081493468
710.2829587497482 122.2956229086243
710.4668405695058 122.73769546079805
710.6507059646162 123.01575710547768
710.8345549321017 123.0327554739815
711.0183874689847 122.95805758059035
711.2022035722871 122.82770120880572
711.3860032390314 122.87675830582708
711.56978646624 123.02614158300126
711.7535532509349 123.05576948553345
711.9373035901384 122.59755721954957
712.121037480873 121.88009108946153
712.3047549201607 120.66743882220338
712.4884559050237 119.19563332454159
712.6721404324845 118.13725575977767
712.8558084995652 117.75619310794603
713.0394601032883 118.15543926542244
713.2230952406758 119.74906133437428
713.4067139087499 122.22463591165837
713.5903161045331 124.3499849339728
713.7739018250477 125.3312379934515
713.9574710673157 124.33250241131822
714.1410238283594 121.89705149030388
714.3245601052013 118.69958995871652
714.5080798948634 116.33698315696572
714.6915831943679 114.90974830221447
714.8750700007375 114.82102727951833
715.0585403109941 115.109810018129
715.2419941221599 115.25018816013002
715.4254314312576 115.08628320096842
715.6088522353089 113.80966682814397
715.7922565313362 112.77282424502545
715.9756443163623 112.48765072168929
716.1590155874087 113.21622449735037
716.342370341498 114.13638328155692
716.5257085756527 115.1628953634599
716.7090302868947 114.92641957580129
716.8923354722463 114.59202908574045
717.07562412873 114.4193365925344
717.2588962533678 114.49268758021012
717.4421518431819 115.07759796144711
717.625390895195 115.19055581909898
717.808613406429 115.40953494970844
717.9918193739061 115.87831443193576
718.175008794649 116.67960080576779
718.3581816656795 117.84874198346898
718.5413379840198 119.0330736088924
718.7244777466926 119.44387429561552
718.90760095072 119.93898945305183
719.0907075931242 120.57057414257346
719.2737976709274 120.38779506933082
719.4568711811517 120.12354708887356
719.6399281208198 119.27448265940777
719.8229684869538 117.91198850241922
720.0059922765757 117.51493837990058
720.1889994867081 117.65673555187767
720.371990114373 118.4579666027915
720.554964156593 120.25211388506845
720.73792161039 122.26522041019949
720.9208624727863 123.48414464981498
721.1037867408045 123.9277676182053
721.2866944114664 122.90253276368628
721.4695854817946 120.41758804151951
721.6524599488112 117.410364700807
721.8353178095385 113.87675816167904
722.0181590609988 111.30463025614299
722.2009837002142 109.83746975231793
722.3837917242073 109.85465182226737
722.5665831299999 110.93429423063559
722.7493579146146 113.62416797058694
722.9321160750736 116.9816541403256
723.1148576083991 120.75146970928824
723.2975825116133 123.33454938753026
723.4802907817387 123.95305575114607
723.6629824157973 124.18504032664856
723.8456574108114 123.35987459606812
724.0283157638036 122.64837029514443
724.2109574717956 122.33651736503403
724.3935825318099 122.3667261794256
724.5761909408691 122.58453840320799
724.7587826959949 122.65429347232599
724.9413577942097 122.17838973516625
725.1239162325362 121.24194648567278
725.3064580079962 121.15315860164299
725.4889831176121 121.41435798193035
725.6714915584063 121.80339865837578
725.8539833274007 121.25099565564405
726.0364584216178 119.2235553098811
726.21891683808 117.608409949897
726.4013585738093 116.50836925138769
726.583783625828 117.4259753996419
726.7661919911586 119.49410926792584
726.948583666823 121.31166395386812
727.1309586498436 122.0822057933887
727.313316937243 122.2425170419665
727.4956585260429 122.223014635558
727.6779834132659 122.82214710914586
727.8602915959342 124.21355875465618
728.0425830710699 124.30167381925067
728.2248578356955 123.55174117992306
728.4071158868333 122.5988457591967
728.5893572215052 120.53017723346157
728.7715818367337 118.15833831107781
728.9537897295412 116.13781432348631
729.1359808969497 113.89712258726645
729.3181553359816 111.82005061622088
729.5003130436592 111.08603556797053
729.6824540170045 111.06998181665323
729.8645782530399 111.54601355249994
730.0466857487879 112.39974738607236
730.2287765012704 113.27138516514074
730.41085050751 113.58905211965487
730.5929077645286 113.3640099223908
730.7749482693488 113.58911057830103
730.9569720189926 116.06485146338582
731.1389790104823 119.6359748353447
731.3209692408402 123.03400193887325
731.5029427070888 125.17679671073722
731.68489940625 123.7771033008354
731.8668393353462 120.57010675863184
732.0487624913997 117.13041790302454
732.2306688714326 115.27402320239929
732.4125584724674 114.79488395407618
732.5944312915262 115.43346516833537
732.7762873256314 115.27447271999787
732.958126571805 114.95742101401986
733.1399490270695 114.54305013935547
733.3217546884471 114.23981718751531
733.50354355296 115.20416127923775
733.6853156176305 116.93287885086309
733.8670708794808 118.30936287288814
734.0488093355333 119.98936824517837
734.2305309828103 121.63037208357356
734.4122358183337 121.98409028893339
734.5939238391261 122.6848340254919
734.7755950422097 123.6103363411753
734.9572494246067 124.8233011796045
735.1388869833393 125.79059116359498
735.32050771543 127.3484145082975
735.5021116179007 128.26891704299285
735.683698687774 128.46991398213171
735.8652689220721 127.80314069305462
736.046822317817 126.1476034447508
736.2283588720312 123.85922179875826
736.409878581737 122.61825154203494
736.5913814439564 122.60802554323124
736.7728674557119 122.53982326333707
736.9543366140257 123.86784740822965
737.13578891592 125.39902171056322
737.317224358417 126.46071539579484
737.4986429385392 127.14703784047954
737.6800446533088 127.19442876506612
737.8614294997478 125.12058096735824
738.0427974748787 124.09709936886944
738.2241485757237 124.31405544963322
738.405482799305 125.38774712803145
738.5868001426451 128.45103030266867
738.768100602766 130.54918267012303
738.9493841766898 130.44917342891782
739.1306508614393 128.0849703007095
739.3119006540364 124.73944541786946
739.4931335515034 121.21464216720483
739.6743495508626 120.19019211318152
739.8555486491362 120.0311856539963
740.0367308433464 120.28410664759363
740.2178961305158 119.90385095329783
740.3990445076662 119.05441071204913
740.5801759718202 118.8157880932936
740.76129052 119.08722108361287
740.9423881492277 121.73593529209073
741.1234688565257 124.60319991312309
741.3045326389162 128.5648703602179
741.4855794934214 130.2551332834079
741.6666094170638 128.32926552330872
741.8476224068653 124.00974967428267
742.0286184598485 119.42203894263048
742.2095975730355 116.8024797605208
742.3905597434486 116.0864008126379
742.5715049681099 116.21495984092866
742.752433244042 115.04388395026967
742.9333445682668 113.66470287294891
743.1142389378068 111.39057894427452
743.2951163496842 108.58374765362412
743.4759768009212 107.70902310414716
743.6568202885401 108.87919448127778
743.8376468095632 111.44368983427461
744.0184563610127 115.07113487001872
744.1992489399108 117.04806526543585
744.3800245432801 116.55705963763415
744.5607831681423 115.77313497233214
744.74152481152 116.52657987867393
744.9222494704356 118.44872397156722
745.1029571419109 122.75476512039835
745.2836478229686 127.63785274230399
745.464321510631 131.0838233143337
745.6449782019199 131.1156476722499
745.8256178938578 127.75234280081374
746.0062405834672 119.91238009358831
746.18684626777 109.79428655627432
746.3674349437886 102.51369400516538
746.5480066085453 98.4627825947166
746.7285612590622 99.13284123949803
746.9090988923618 101.9145281017976
747.0896195054663 106.63961086919484
747.2701230953977 113.01378167862053
747.4506096591786 119.48428153158736
747.631079193831 125.74538623909184
747.8115316963774 127.36216844249215
747.9919671638398 125.10884159404833
748.172385593241 120.82215102030172
748.3527869816024 119.46843647214762
748.5331713259469 122.45187972987459
748.7135386232966 126.23903274685586
748.8938888706738 132.24044195118233
749.0742220651005 132.5356537684927
749.2545382035993 128.07733055576645
749.4348372831922 121.75468259854212
749.6151193009017 116.89199740275293
749.79538425375 115.35306315824938
749.9756321387591 117.99267996557006
750.1558629529516 123.06971802642214
750.3360766933497 124.72457366025019
750.5162733569754 125.7890613832331
750.6964529408511 125.79901268827984
750.8766154419993 125.85019435069017
751.0567608574419 128.03921959722734
751.2368891842015 130.1437522687526
751.4170004193002 129.3756646576531
751.5970945597599 125.73632463832426
751.7771716026034 119.36436280955955
751.9572315448529 113.52818709278694
752.1372743835303 111.33975944408623
752.3173001156583 114.06032130368007
752.4973087382588 119.38622636822721
752.6773002483541 124.406516767149
752.8572746429668 124.65474146137917
753.0372319191188 119.3822577268752
753.2171720738323 112.68343159848527
753.39709510413 106.81128666877814
753.5770010070338 105.26338934878301
753.756889779566 107.85052932391798
753.936761418749 112.16561210252092
754.116615921605 116.94048316479869
754.2964532851562 121.64707784606875
754.476273506425 126.09982571774071
754.6560765824333 128.11420808688607
754.8358625102038 126.40461629424833
755.0156312867587 121.14043130251758
755.19538290912 113.36228474271869
755.3751173743101 107.35704065960425
755.5548346793513 104.99374309525939
755.7345348212658 105.57285818207599
755.9142177970757 107.1503802474066
756.0938836038038 109.44634304601188
756.2735322384717 112.06724532171108
756.4531636981021 115.26560641934022
756.632777979717 120.70147753574875
756.8123750803389 126.1953298202697
756.9919549969899 130.63454510571307
757.1715177266924 132.57450624184372
757.3510632664685 133.8023804600878
757.5305916133403 134.7628106421669
757.7101027643306 136.71077616297634
757.8895967164611 138.91295012481388
758.0690734667545 140.52132081604736
758.2485330122329 141.62619338480172
758.4279753499184 143.12378428237793
758.6074004768332 143.05911672300616
758.78680839 140.16179368182532
758.9661990864407 134.96999899125547
759.1455725631776 127.2203997548654
759.3249288172332 120.10953439825188
759.5042678456294 116.4440048662715
759.6835896453887 112.34139853628483
759.8628942135333 110.87710001904672
760.0421815470854 112.11580776733526
760.2214516430674 113.18797790674927
760.4007044985016 113.64696683767646
760.57994011041 113.69312260589413
760.759158475815 112.79620908430697
760.9383595917388 110.19073160890214
761.1175434552038 109.99687566578305
761.2967100632321 108.40114935698128
761.4758594128463 107.40818100002768
761.654991501068 105.2462110298774
761.8341063249202 104.89978514472641
762.0132038814247 106.65187384232978
762.1922841676038 109.6849690713708
762.3713471804799 114.30168366328982
762.5503929170752 117.47639449495976
762.729421374412 115.14177528074495
762.9084325495126 110.07822252325842
763.0874264393991 102.54508823978941
763.2664030410937 93.68592396640706
763.4453623516189 87.50634232311528
763.624304367997 86.21734277722244
763.8032290872499 90.47239453119253
763.9821365064003 99.81151586386285
764.16102662247 110.79369870108086
764.3398994324815 120.91819170516453
764.5187549334573 131.3754949066018
764.6975931224192 140.5052203299454
764.8764139963897 148.8964207086108
765.0552175523912 154.5483581740463
765.2340037874457 153.8777851054853
765.4127726985755 146.52878327672948
765.5915242828031 137.42602213498674
765.7702585371505 126.08857441164311
765.9489754586399 119.7170820772843
766.1276750442939 114.54937958691477
766.3063572911344 110.19949374546454
766.4850221961839 105.88352943723345
766.6636697564646 99.52912795340274
766.8422999689988 95.18585345632991
767.0209128308085 93.87426148963792
767.1995083389163 101.15088565907797
767.3780864903443 112.06905555528884
767.5566472821147 128.6274744544604
767.73519071125 145.18208772684292
767.9137167747722 158.32339490669665
768.0922254697036 165.70253363430948
768.2707167930666 165.16651112716937
768.4491907418834 162.28767905367792
768.6276473131761 158.08165992776148
768.8060865039674 157.46728459515683
768.984508311279 157.71580331488533
769.1629127321335 153.16856332707516
769.341299763553 141.81713696113056
769.51966940256 127.13939090380663
769.6980216461765 116.07584130857121
769.8763564914249 111.7750247383164
770.0546739353273 120.10536442246412
770.2329739749061 134.61531032823876
770.4112566071838 145.44634453198503
770.5895218291821 149.87041383967582
770.7677696379237 142.95071126086572
770.9460000304307 130.53298835477
771.1242130037253 116.32785577504013
771.3024085548299 103.39368037072352
771.4805866807668 91.46184301102492
771.658747378558 85.64974664578017
771.8368906452259 80.3538365336131
772.015016477793 79.0502275934329
772.1931248732811 79.89074551017369
772.3712158287128 84.37809550702146
772.5492893411105 92.78128349874477
772.7273454074958 102.20852867757331
772.9053840248916 110.65246808996122
773.08340519032 112.5006768641969
773.2614089008031 112.20180884839314
773.4393951533633 112.04457544630235
773.6173639450227 117.7560007283196
773.7953152728038 124.99938330898074
773.9732491337288 132.0357533451012
774.1511655248197 133.13552257568819
774.3290644430991 130.9828633455812
774.5069458855892 127.81464491747681
774.6848098493119 125.0976949112538
774.8626563312899 124.82939658897025
775.0404853285454 122.22451574357002
775.2182968381005 117.72369548681714
775.3960908569774 113.83648501051916
775.5738673821986 112.02795612036718
775.7516264107862 110.22190232341015
775.9293679397625 110.56496125164703
776.1070919661499 108.7484140680818
776.2847984869703 104.8352260105522
776.4624874992462 100.60206872401628
776.640159 95.91739111848817
776.8178129862537 90.77711458103164
776.9954494550295 88.10175691178142
777.1730684033503 84.74788173380364
777.3506698282374 84.62337721100847
777.5282537267137 87.74789846260127
777.7058200958014 93.55010227682473
777.8833689325226 99.48512563734644
778.0609002338994 103.53134974364862
778.2384139969546 106.36732416227484
778.4159102187099 105.08925292613321
778.593388896188 105.38563898492514
778.7708500264109 101.85955914242798
778.9482936064009 105.0766013067802
779.1257196331802 113.0970801899357
779.3031281037713 124.35256458608079
779.4805190151961 132.3144947011536
779.6578923644772 132.85676883929034
779.8352481486368 126.9452412174657
780.0125863646969 121.72643080088973
780.1899070096798 119.02525308852066
780.3672100806083 115.66278542091544
780.544495574504 110.49725282649331
780.7217634883895 101.51705052395299
780.8990138192871 95.41772052896984
781.0762465642186 98.84325270607683
781.2534617202069 113.0006341506476
781.4306592842739 131.41289529155281
781.6078392534419 147.1755257313118
781.7850016247331 148.5456727128446
781.9621463951701 147.81980708441506
782.1392735617745 149.23771820370905
782.3163831215692 159.5477138315232
782.4934750715762 169.68986889777509
782.6705494088178 183.0528836068989
782.8476061303162 185.23916314185155
783.0246452330938 176.32680051572987
783.2016667141726 159.94163037009102
783.3786705705751 140.08550425869058
783.5556567993234 125.56971476415626
783.73262539744 110.41132961190173
783.9095763619467 108.2990564575706
784.0865096898665 109.61273923666137
784.263425378221 123.78824829226312
784.4403234240327 137.78641401708114
784.6172038243237 150.96087977683064
784.7940665761165 140.7051623803431
784.9709116764334 109.09758312066893
785.1477391222963 77.90252662421462
785.3245489107277 55.047284256358836
785.50134103875 65.30191503903676
785.6781155033851 77.3544571279949
785.8548723016556 89.72194545722097
786.0316114305837 93.39673349434592
786.2083328871914 94.8016851922164
786.3850366685012 97.5871816650206
786.5617227715354 101.89999223778466
786.7383911933159 108.474285413569
786.9150419308655 110.10455988913981
787.0916749812061 112.79527238436317
787.2682903413601 109.99309681687983
787.4448880083494 112.88250592600077
787.6214679791968 119.53075087033295
787.7980302509244 120.69709207657819
787.9745748205542 115.09860194870795
788.1511016851088 100.64064927919644
788.3276108416102 91.77057060454092
788.5041022870807 95.56869152697344
788.6805760185426 112.84159114081186
788.8570320330183 128.1922167957034
789.0334703275299 144.75721748118843
789.2098908990997 164.24211720246225
789.3862937447501 187.237794594336
789.562678861503 212.36610629212632
789.739046246381 228.78720747083946
789.9153958964062 229.4810745605557
790.0917278086009 211.9671156669397
790.2680419799874 188.60312337787497
790.4443384075878 166.72415294163457
790.6206170884246 151.1428505416848
790.7968780195199 137.43011490563168
790.9731211978961 125.5700790680438
791.1493466205752 109.45554564499831
791.3255542845798 90.68334109151427
791.5017441869318 81.67996047363071
791.6779163246537 83.14865749555872
791.8540706947678 83.6703932460762
792.030207294296 87.25286826820212
792.206326120261 92.2963568051439
792.382427169685 89.70107620033842
792.55851043959 79.39523763721913
792.7345759269983 68.79964278902885
792.9106236289324 60.8963478163854
793.0866535424144 57.79836008967969
793.2626656644666 61.178927448170505
793.4386599921112 64.4370534477239
793.6146365223705 67.65496829717685
793.7905952522667 73.86782682175955
793.9665361788224 79.65599969266053
794.1424592990592 83.51454692150834
794.3183646099999 86.98607915414148
794.4942521086667 86.57510081490925
794.6701217920815 89.33083061789893
794.8459736572672 86.39142249700653
795.0218077012454 77.66841470067253
795.1976239210387 62.14721070209623
795.3734223136694 57.724150278604526
795.5492028761595 61.02544958959102
795.7249656055315 74.57477876121598
795.9007104988076 90.92318142433314
796.07643755301 102.51308328810076
796.252146765161 111.97164473179933
796.4278381322829 107.34300678711928
796.6035116513979 98.55869770420838
796.7791673195281 70.99788592059232
796.9548051336963 33.96750689099725
797.1304250909242 3.785343436335724
797.3060271882341 -5.420293257452592
797.4816114226487 10.536556564523995
797.6571777911898 35.346730075576595
797.8327262908799 62.96906612413518
798.0082569187413 75.69952614767993
798.183769671796 91.43905016539023
798.3592645470665 105.40074168329969
798.534741541575 116.0708872236897
798.7102006523437 126.92866373666645
798.885641876395 134.3753052831335
799.0610652107509 146.79068930166727
799.2364706524339 153.82903178106864
799.4118581984661 156.81611408184207
799.5872278458701 151.85503440726922
799.7625795916676 152.12834166991354
799.9379134328811 148.95406113820812
800.1132293665333 141.4818233330841
800.2885273896458 126.2021849112473
800.4638074992412 102.68433424247884
800.6390696923418 82.42750655550515
800.8143139659695 69.43489356391099
800.989540317147 69.06091017113063
801.1647487428964 78.43857011743657
801.3399392402399 90.9323824415364
801.5151118061998 99.50493323969971
801.6902664377984 99.35513428568126
801.8654031320578 93.68454054428442
802.0405218860005 87.12523717271054
802.2156226966487 86.8319492832355
802.3907055610244 89.26174197107696
802.5657704761503 93.65170349871534
802.7408174390482 91.33946205553755
802.9158464467407 79.42505559660589
803.0908574962499 66.96591999307137
803.2658505845982 60.135470406479634
803.4408257088076 63.965660221159084
803.6157828659005 79.20081164373481
803.7907220528995 103.42563394104843
803.9656432668262 124.67462568637468
804.1405465047033 142.4170680594756
804.3154317635531 149.26428104265165
804.4902990403975 147.85596402647548
804.665148332259 139.04566248142672
804.83997963616 132.97702654592135
805.0147929491225 134.7414835503708
805.1895882681688 152.14125334261385
805.3643655903213 170.3681876501011
805.5391249126022 169.16636879295118
805.7138662320338 154.01672071882857
805.8885895456382 132.5054909227274
806.0632948504376 112.4616976784115
806.2379821434547 101.64064866382634
806.4126514217114 88.314048909969
806.58730268223 69.74406479964894
806.7619359220328 48.05926658969343
806.9365511381421 31.974941103156635
807.11114832758 30.236647510109943
807.2857274873691 53.2020535290994
807.4602886145312 80.8646601029364
807.6348317060889 82.78077711409897
807.8093567590645 83.19525666304449
807.9838637704798 78.94874328672344
808.1583527373576 75.94345691929209
808.3328236567199 83.63328616300474
808.5072765255891 2.7071415375903307e-08
808.6817113409872 1.2398307920696221e-08
808.8561280999368 5.583711816783991e-09
809.0305267994598 3.71013291247247e-09
809.2049074365787 2.989802367079075e-09
809.3792700083158 3.0510252088743047e-09
809.5536145116931 3.996480931235724e-09
809.7279409437331 6.687856058554369e-09
809.902249301458 1.5023098138606264e-08
810.07653958189 2.8105462189946497e-08
810.2508117820513 134.74880366057556
810.4250658989645 82.59230702958003
810.5993019296515 76.5048557185765
810.7735198711346 100.20434756948126
810.9477197204362 132.6728322844193
811.1219014745785 147.42253742601633
811.2960651305838 152.45465684586645
811.4702106854743 141.8675979660517
811.6443381362723 125.46154441496202
811.8184474799999 115.52320381506597
811.9925387136798 109.15268186484694
812.1666118343336 111.52451908091838
812.3406668389841 115.1346509077442
812.5147037246535 122.7709316102599
812.6887224883637 126.6694627553388
812.8627231271373 160.59956031870638
813.0367056379965 415.4534882830724
813.2106700179635 -2166.4934610590262
813.3846162640605 -940.5587219684063
813.55854437331 -1258.1855023748265
813.732454342734 -7973.642419493604
813.9063461693548 816.179764398062
814.0802198501949 212.78004737720386
814.2540753822763 81.01670809063481
814.4279127626212 94.81533926197774
814.6017319882521 143.2733702969292
814.7755330561912 200.25481518447003
814.9493159634605 225.3030459493407
815.1230807070829 222.76259278290502
815.29682728408 193.89024928118772
815.4705556914743 141.8283353098838
815.6442659262881 95.1330641100938
815.8179579855436 62.0270541572912
815.991631866263 59.47788368363424
816.1652875654687 60.22897739961057
816.3389250801829 66.88036448503883
816.512544407428 70.82666791171452
816.686145544226 77.68493673157452
816.8597284875991 91.9387764795068
817.03329323457 114.7501081534364
817.2068397821606 140.2247607276628
817.3803681273932 157.21789047746168
817.5538782672903 157.6213909791956
817.7273701988738 139.3866598290826
817.9008439191662 110.51667888506081
818.0742994251898 76.9261977459423
818.2477367139667 50.0510984742749
818.4211557825191 28.619374945398935
818.5945566278695 25.94319227062258
818.76793924704 57.86526293778013
818.9413036370528 116.53002342431195
819.1146497949305 164.08286863287285
819.287977717695 193.16505920888338
819.4612874023686 185.47557998403312
819.6345788459738 166.39623512507444
819.8078520455325 145.76569606674724
819.9811069980673 129.03841532313646
820.1543437006003 112.92350681274561
820.3275621501538 100.80852388622333
820.5007623437499 85.60976899525923
820.6739442784112 50.734852065612735
820.8471079511596 28.362568324035543
821.0202533590176 3.022077009405009
821.1933804990074 19.412974702497937
821.3664893681513 64.40091805521946
821.5395799634713 108.82585932103491
821.7126522819901 142.15782934457638
821.8857063207295 177.8551515219295
822.058742076712 205.6764274164833
822.23175954696 214.5495966244621
822.4047587284955 241.86440269449238
822.5777396183408 241.25510201975885
822.7507022135184 238.3517201306135
822.9236465110503 255.09740626597141
823.0965725079586 252.52699996330412
823.2694802012661 244.57008224372507
823.4423695879947 233.38437049797062
823.6152406651667 217.10318462403083
823.7880934298043 205.00305328188705
823.96092787893 207.83521369831476
824.1337440095657 223.2971921425004
824.306541818734 256.5270197641044
824.479321303457 301.58921254572357
824.652082460757 312.53099917894565
824.8248252876563 234.2643778263528
824.997549781177 61.51147899643095
825.1702559383414 -152.95079650664994
825.3429437561718 -328.28467877979483
825.5156132316906 -349.0169499824191
825.6882643619199 -265.53711776079706
825.8608971438821 -137.78204563729795
826.0335115745993 -17.799476195929046
826.2061076510938 67.35411277574802
826.3786853703879 107.42002406535562
826.5512447295038 124.24283549353883
826.7237857254637 130.00914872699903
826.8963083552901 120.49762621292413
827.0688126160051 97.73390441637325
827.241298504631 84.12093611905942
827.41376601819 88.48730047541771
827.5862151537044 112.0915920484103
827.7586459081964 136.82663818030673
827.9310582786884 149.08904702148263
828.1034522622026 149.78253814714287
828.2758278557612 3.039660267805345e-08
828.4481850563866 1.0785600899893304e-08
828.6205238611008 3.385816569904134e-09
828.7928442669263 1.437320865455179e-09
828.9651462708853 6.995794964161341e-10
829.13742987 1.751217734777816e-10
829.3096950612928 -1.982570395971367e-10
829.4819418417857 -3.4814695988457174e-10
829.6541702085011 8.408415338012053e-10
829.8263801584615 9.217687526585204e-09
829.9985716886887 105.85412472805623
830.1707447962053 152.858693941956
830.3428994780335 186.57870161290882
830.5150357311956 216.04271165594145
830.6871535527135 228.33452006136136
830.85925293961 237.80651835367695
831.031333888907 256.47841262241275
831.2033963976269 274.7815182003478
831.3754404627919 274.1098526511818
831.5474660814242 239.96078919568936
831.7194732505462 191.56379845588427
831.8914619671802 148.62805130967558
832.0634322283481 126.01697504062925
832.2353840310726 126.43217174486631
832.4073173723758 127.17466663779459
832.5792322492799 136.61568627574755
832.7511286588073 144.27461739170087
832.9230065979801 146.21665925572879
833.0948660638205 148.3927076418964
833.266707053351 146.24102029049672
833.4385295635938 146.04665779376063
833.6103335915709 171.40362085151227
833.7821191343049 243.69020992941918
833.9538861888179 387.3742865944549
834.1256347521322 813.4636989672249
834.29736482127 4208.98608040014
834.4690763932537 -2531.3565427453877
834.6407694651052 -2279.739098030921
834.8124440338472 2.74016557828875e-08
834.9841000965018 1.1156717464385912e-08
835.1557376500913 3.664793647168444e-09
835.3273566916376 1.421092156919506e-09
835.4989572181636 4.4402224891231e-10
835.6705392266911 6.799560217913947e-11
835.8421027142424 -1.1402155950096333e-10
836.0136476778399 1.181895395528447e-10
836.1851741145059 2.107919584127823e-09
836.3566820212624 9.221949321542639e-09
836.528171395132 599.0798284471697
836.6996422331366 485.9452168442187
836.8710945322988 496.0264710112433
837.0425282896405 578.5403280661699
837.2139435021843 -6206.273127386139
837.3853401669523 -288.85539896820376
837.5567182809667 -228.68808643479815
837.72807784125 -83.60477546308361
837.8994188448243 51.26719504999002
838.0707412887117 65.10662551012938
838.2420451699346 60.435396176118
838.4133304855155 40.60583357517703
838.5845972324762 17.249885163278694
838.7558454078393 -11.749048798395554
838.9270750086271 -53.07977648767283
839.0982860318616 -88.20972357915612
839.2694784745651 -89.39150904165388
839.44065233376 -9.763882980362723
839.6118076064685 131.23929167881326
839.7829442897129 237.110760938771
839.9540623805154 254.3456997675739
840.1251618758982 175.84889841481407
840.2962427728836 51.99997863038538
840.4673050684942 -186.7404508744735
840.6383487597517 -3080.0225088399175
840.8093738436786 556.7998132673235
840.9803803172974 282.36526996190514
841.15136817763 183.54571893637038
841.3223374216986 132.56041145505833
841.4932880465261 95.76638907725201
841.664220049134 74.45644668733884
841.8351334265449 67.56308830619118
842.0060281757814 91.16752161808652
842.1769042938649 140.67609207550814
842.3477617778183 206.38968037703006
842.5186006246639 257.1401783593294
842.6894208314237 252.37168408950436
842.8602223951199 208.43190705012586
843.0310053127752 135.15053301362767
843.2017695814112 42.64348565362501
843.3725151980507 -12.13489899203363
843.5432421597159 -26.576614901719584
843.7139504634288 -16.42040716832177
843.8846401062117 5.67030750047298
844.0553110850872 31.424554387758832
844.2259633970771 48.33679729837613
844.3965970392039 65.03940509377365
844.5672120084901 74.79436457594893
844.7378083019573 81.8352906337003
844.9083859166284 88.21879513975962
845.0789448495256 66.13214448617326
845.2494850976706 11.454079027894998
845.4200066580862 -86.03829845320915
845.5905095277946 -187.51046209497005
845.7609937038177 -277.46299341951834
845.9314591831783 -180.08737882763182
846.1019059628983 -52.17073535198364
846.2723340399999 225.45801544162026
846.4427434115056 511.2280796622175
846.6131340744377 1323.436010261517
846.783506025818 -4538.75303379011
846.9538592626695 -911.7115207993287
847.1241937820138 -632.5925639191455
847.2945095808733 -755.4956779462203
847.4648066562705 -3954.251064753209
847.6350850052276 629.589455123406
847.8053446247666 252.00656915220605
847.97558551191 121.76001095887294
848.14580766368 73.61541717874417
848.3160110770988 59.98117097775132
848.4861957491888 63.389233039070945
848.6563616769722 70.34912608468936
848.8265088574711 76.94448487054692
848.9966372877082 68.15656280903849
849.1667469647052 59.78312453890346
849.3368378854847 63.64739083826513
849.5069100470689 72.67883567149336
849.67696344648 85.61229542327614
849.8469980807403 105.50105062994672
850.0170139468721 129.246455626878
850.1870110418976 156.01161943940272
850.356989362839 179.60215460356022
850.5269489067188 176.27799974342008
850.6968896705589 154.73391460681862
850.8668116513818 138.61927064437432
851.03671484621 137.44144834916008
851.2065992520652 139.58761285186452
851.37646486597 134.92865641805693
851.5463116849465 110.56439400079478
851.7161397060172 74.10567063782763
851.8859489262043 44.369031796271486
852.0557393425298 20.87931643131169
852.2255109520163 1.550909427614422e-09
852.3952637516857 9.030015932653966e-10
852.5649977385607 7.169972374315439e-10
852.7347129096631 6.383698456864902e-10
852.9044092620154 8.173060130263138e-10
853.07408679264 9.861320564279192e-10
853.2437454985588 1.0902152724237296e-09
853.4133853767944 1.2436029261320345e-09
853.583006424369 2.2191899256594462e-09
853.7526086383047 5.630264462293928e-09
853.9221920156236 67.27086615619451
854.0917565533485 1.385850255507641e-08
854.2613022485014 7.206502774716523e-09
854.4308290981043 3.2976889543133868e-09
854.6003370991798 2.1222192940427287e-09
854.76982624875 1.8431383819756886e-09
854.9392965438371 1.8606788262888833e-09
855.1087479814637 2.404943301714231e-09
855.2781805586517 4.044403220654149e-09
855.4475942724234 1.0930308119801582e-08
855.6169891198012 2.8235042778676503e-08
855.7863650978073 274.85739663577397
855.9557222034639 206.04102773471388
856.1250604337936 165.0711306776777
856.294379785818 136.81575368486378
856.4636802565599 2.9342394698434293e-08
856.6329618430415 9.485413474700264e-09
856.8022245422849 2.158538639897173e-09
856.9714683513123 2.0216079071993919e-10
857.1406932671462 -7.477361863970322e-10
857.3098992868088 -1.3229038899693133e-09
857.4790864073221 -1.8875491658796413e-09
857.6482546257087 -3.019782855700191e-09
857.8174039389907 -5.3405128425351225e-09
857.9865343441904 -9.091327346217268e-09
858.15564583833 89.80055230363199
858.3247384184318 73.18792078507241
858.4938120815181 92.51812070756772
858.6628668246111 79.85550793793746
858.831902644733 68.65738311484874
859.0009195389063 57.376179076623636
859.169917504153 43.52166608905885
859.3388965374953 1.4178296075679727e-08
859.5078566359559 3.4841718438774223e-09
859.6767977965566 4.758857860657771e-10
859.84572001632 -3.2561038789797975e-10
860.0146232922681 -3.551901280581814e-10
860.1835076214234 -3.4175514845692406e-10
860.3523730008077 -3.1568342140667954e-10
860.5212194274438 -1.809913291423708e-10
860.6900468983538 3.0144610902728163e-10
860.8588554105596 3.1345528354250385e-09
861.0276449610842 57.52754985673452
861.1964155469491 47.61436630310484
861.3651671651769 38.591526329997905
861.53389981279 34.7720269222058
861.7026134868104 34.34349596286034
861.8713081842604 38.54304929215598
862.0399839021625 48.96871949981325
862.2086406375386 56.528549840915574
862.3772783874111 72.69109470260528
862.5458971488026 88.55869107029584
862.7144969187348 116.81886447219682
862.8830776942302 158.51716032316028
863.0516394723113 192.0463064495139
863.22018225 204.70122395747262
863.3887060243187 165.4058027628515
863.5572107922897 139.54190785816837
863.7256965509351 132.90571511216507
863.8941632972774 170.12243114080928
864.0626110283388 222.93371632889023
864.2310397411413 2.5774763986407343e-08
864.3994494327075 1.0804524880979955e-08
864.5678401000596 3.6304311481117727e-09
864.7362117402195 1.6834432561097112e-09
864.90456435021 7.885002579030899e-10
865.0728979270531 5.463017958916195e-10
865.2412124677709 4.943610349114085e-10
865.4095079693858 5.725899764787795e-10
865.5777844289202 4.5344185652688223e-10
865.7460418433961 2.1421435142205977e-10
865.9142802098361 -1.0762059054062997e-10
866.0824995252623 -4.693741883713797e-10
866.2506997866966 -9.271513367976461e-10
866.4188809911618 -1.8145987053742401e-09
866.58704313568 -4.407962656479115e-09
866.7551862172733 -5.165472103052519e-09
866.9233102329639 -19.19866542047736
867.0914151797746 -47.91783447892099
867.259501054727 -48.08297754552351
867.4275678548438 -6.768617535981568
867.5956155771469 47.661038424949226
867.7636442186589 84.80567868371698
867.931653776402 92.69995634634856
868.0996442473981 64.33318156209417
868.2676156286699 0.722454674019201
868.4355679172396 -91.92110419260636
868.6035011101293 -171.2096425291422
868.7714152043612 -211.03532225819424
868.9393101969579 -194.17969558970717
869.1071860849412 -153.77082878062637
869.2750428653337 -139.2316568377605
869.4428805351577 -150.3158228838982
869.6106990914351 -204.5996377722607
869.7784985311885 -322.8597537682081
869.94627885144 -606.3517038009379
870.1140400492119 4.47142240243417e-08
870.2817821215265 1.813485688642909e-08
870.449505065406 6.470562963464882e-09
870.6172088778726 3.2087659516473995e-09
870.7848935559487 2.0877710462255906e-09
870.9525590966566 1.6795897036424542e-09
871.1202054970183 1.7228225714170962e-09
871.2878327540562 2.1051367987895765e-09
871.4554408647928 3.895398257678146e-09
871.62302982625 8.173410226231657e-09
871.7905996354501 -145.0173471758779
871.9581502894157 -17.09076267814579
872.1256817851686 21.085653459513345
872.2931941197313 32.345289895906284
872.4606872901263 -0.42209392406406976
872.6281612933753 -343.8342007328087
872.7956161265009 346.0704319024605
872.9630517865256 207.48175493273405
873.130468270471 192.9375160012157
873.29786557536 188.6994591592456
873.4652436982145 188.27673334915244
873.6326026360568 185.43800117094534
873.7999423859094 187.8766910156161
873.9672629447942 195.37220740942428
874.1345643097337 206.76025271318227
874.3018464777501 224.05195198081628
874.4691094458657 240.93813931676013
874.6363532111027 3.769324848423131e-08
874.8035777704832 1.4168211357884977e-08
874.97078312103 4.99095631015309e-09
875.1379692597648 2.4729002908114868e-09
875.3051361837099 1.6024546956515235e-09
875.4722838898881 1.3255491810331772e-09
875.639412375321 1.5105462109775682e-09
875.8065216370311 2.402717674514468e-09
875.973611672041 5.414858379115165e-09
876.1406824773724 9.133065351187782e-09
876.3077340500478 -5.093022884880548
876.4747663870896 59.0391121322417
876.64177948552 79.93904887848967
876.8087733423611 38.53735203838869
876.9757479546353 -153.94369668773186
877.1427033193647 14325.155461119795
877.3096394335716 529.9476770722255
877.4765562942787 315.3723774856697
877.6434538985077 2.8041573906122525e-08
877.8103322432812 9.37988584099946e-09
877.9771913256211 2.2924920199124856e-09
878.1440311425499 5.28574518886722e-10
878.3108516910901 -1.2699609876350723e-10
878.4776529682634 -3.352481722785059e-10
878.6444349710924 -2.342585381819559e-10
878.8111976965995 1.0706313276628212e-09
878.9779411418067 5.393179802867353e-09
879.1446653037361 8.1369702967706e-09
879.3113701794106 5.462096841736521e-09
879.4780557658518 2.9804362456072418e-09
879.6447220600822 1.9436519941723362e-09
879.8113690591242 1.501699836677806e-09
879.97799676 1.7594567139443202e-09
880.1446051597317 3.1623060719366967e-09
880.3111942553417 8.363177623015146e-09
880.4777640438521 2.0653555478421203e-08
880.6443145222854 242.49827761154776
880.8108456876637 297.63768756779666
880.9773575370093 525.706703051049
881.1438500673444 -1406.712117944601
881.3103232756915 -344.9707413443049
881.4767771590725 -310.9441326285728
881.64321171451 -1221.2037507399684
881.809626939026 352.3542252316673
881.9760228296428 148.6658575057872
882.1423993833828 93.1559860883647
882.3087565972683 71.29858010960206
882.4750944683212 52.09172855325562
882.6414129935641 37.13117628674999
882.8077121700193 24.686217525622713
882.9739919947086 14.465296794131223
883.1402524646548 13.22978562710671
883.30649357688 14.622191141937506
883.4727153284063 30.834842009216676
883.6389177162561 62.310425253569036
883.8051007374517 1.3001510970846788e-08
883.971264389015 5.8492115879116185e-09
884.1374086679687 1.7501193764987445e-09
884.303533571335 3.7092720034311123e-10
884.4696390961359 -3.209968218229605e-11
884.6357252393939 1.8106776836605498e-10
884.8017919981312 7.722562223113983e-10
884.96783936937 1.5255096705460281e-09
885.1338673501325 1.8600359662571986e-09
885.2998759374414 1.6845506517998616e-09
885.4658651283182 1.5761199699065478e-09
885.6318349197858 1.653350129956278e-09
885.7977853088662 2.184802835511718e-09
885.9637162925817 3.862911152403557e-09
886.1296278679546 4.423086165058956e-09
886.2955200320072 17.67951352768513
886.4613927817614 65.16728721609302
886.6272461142398 110.44463083761055
886.7930800264648 234.93018300379143
886.9588945154584 113.79219798742135
887.1246895782429 113.79219798742135
887.2904652118406 113.79219798742135
887.4562214132736 113.79219798742135
887.6219581795646 113.79219798742135
887.7876755077353 113.79219798742135
